recno,Gal,Name,RAJ2000,DEJ2000,r,Z,e_Z,Simbad
1,N1015,H11,02 38 09.60,-01 18 52.06,6.45,9.037,0.112,Simbad
2,N1015,H12,02 38 10.66,-01 18 32.66,11.93,9.139,0.065,Simbad
3,N1015,H03,02 38 12.79,-01 18 24.35,16.59,8.904,0.215,Simbad
4,N1015,H09,02 38 11.78,-01 18 28.13,14.17,8.864,0.561,Simbad
5,N1309,H12,03 22 03.43,-15 23 48.90,7.30,8.660,0.012,Simbad
6,N1309,H15,03 22 03.56,-15 24 02.60,6.96,8.765,0.006,Simbad
7,N1309,H03,03 22 07.24,-15 23 41.62,2.32,9.117,0.001,Simbad
8,N1309,H07,03 22 05.68,-15 23 46.20,3.13,9.042,0.011,Simbad
9,N1309,H08,03 22 05.05,-15 23 54.60,3.97,9.033,0.002,Simbad
10,N1309,H11,03 22 08.74,-15 23 12.38,7.04,8.907,0.008,Simbad
11,N1365,H01,03 33 35.11,-36 06 40.66,10.49,8.730,0.042,Simbad
12,N1365,H02,03 33 32.23,-36 06 40.31,12.64,9.053,0.005,Simbad
13,N1365,H03,03 33 31.62,-36 07 05.65,11.11,8.987,0.028,Simbad
14,N1365,H06,03 33 29.20,-36 08 22.65,9.56,8.858,0.020,Simbad
15,N1365,H07,03 33 37.74,-36 08 06.33,2.11,9.354,0.003,Simbad
16,N1365,H08,03 33 43.01,-36 08 14.94,8.49,9.299,0.023,Simbad
17,N1365,H09,03 33 43.03,-36 09 28.90,11.98,8.905,0.030,Simbad
18,N1365,H11,03 33 42.84,-36 09 41.98,12.67,9.009,0.031,Simbad
19,N1365,H12,03 33 38.60,-36 10 48.01,14.63,8.790,0.041,Simbad
20,N1365,H13,03 33 34.63,-36 06 05.07,14.09,8.970,0.100,Simbad
21,N1365,H16,03 33 45.04,-36 10 17.25,17.67,8.578,0.012,Simbad
22,N1448,H02,03 44 22.20,-44 40 06.70,12.23,8.536,0.025,Simbad
23,N1448,H07,03 44 31.69,-44 38 31.78,2.01,9.168,0.015,Simbad
24,N1448,H11,03 44 40.00,-44 36 35.42,13.20,8.843,0.020,Simbad
25,N1448,H12b,03 44 41.71,-44 35 57.77,17.31,8.635,0.050,Simbad
26,N1448,H13,03 44 43.86,-44 36 15.61,15.93,8.789,0.022,Simbad
27,N1448,H12a,03 44 41.71,-44 35 57.77,17.31,8.808,0.067,Simbad
28,N3021,H13,09 50 58.17,+33 33 12.56,1.67,9.211,0.007,Simbad
29,N3021,H18a,09 50 55.27,+33 33 14.36,3.30,9.134,0.007,Simbad
30,N3021,H02a,09 50 59.68,+33 33 14.81,4.52,8.768,0.060,Simbad
31,N3021,H02b,09 50 59.17,+33 33 12.50,3.42,9.118,0.007,Simbad
32,N3021,H05,09 50 58.58,+33 33 18.24,3.03,9.123,0.005,Simbad
33,N3021,H11a,09 50 58.73,+33 33 06.68,2.53,9.275,0.006,Simbad
34,N3021,H11b,09 50 58.73,+33 33 06.68,2.53,9.212,0.004,Simbad
35,N3021,H18b,09 50 55.27,+33 33 14.36,3.30,9.149,0.006,Simbad
36,N3021,H02c,09 50 59.17,+33 33 12.50,3.42,9.176,0.004,Simbad
37,N3021,H08,09 50 58.03,+33 33 19.46,2.36,9.254,0.015,Simbad
38,N3370,H08,10 47 05.13,+17 16 23.23,2.98,9.066,0.001,Simbad
39,N3370,H16,10 47 03.39,+17 16 35.31,2.04,9.255,0.007,Simbad
40,N3370,H06,10 47 04.31,+17 16 06.27,2.43,9.149,0.006,Simbad
41,N3370,H17,10 47 02.83,+17 16 42.45,3.47,8.992,0.001,Simbad
42,N3370,H04,10 47 05.53,+17 16 06.51,3.67,8.944,0.001,Simbad
43,N3370,H18,10 47 01.87,+17 16 14.17,7.22,8.821,0.011,Simbad
44,N3370,H03,10 47 05.54,+17 15 51.26,4.75,8.929,0.009,Simbad
45,N3370,H02,10 47 06.73,+17 16 11.03,6.87,8.835,0.044,Simbad
46,N3370,H19,10 47 01.52,+17 16 47.51,6.52,8.824,0.003,Simbad
47,N3370,H01,10 47 06.86,+17 15 52.07,7.06,8.860,0.005,Simbad
48,N3370,H20,10 47 02.30,+17 17 10.89,6.85,8.772,0.001,Simbad
49,N3447,H01d,10 53 22.28,+16 45 59.08,8.82,8.957,0.089,Simbad
50,N3447,H10,10 53 21.18,+16 47 23.74,10.04,8.719,0.061,Simbad
51,N3447,H13d,10 53 24.33,+16 47 35.57,6.97,8.438,0.019,Simbad
52,N3447,H20,10 53 29.77,+16 47 06.83,4.98,8.582,0.034,Simbad
53,N3447,H28,10 53 24.86,+16 46 09.98,4.98,8.823,0.023,Simbad
54,N3447,H05,10 53 23.21,+16 45 32.68,9.74,8.664,0.013,Simbad
55,N3447,N01,10 53 26.56,+16 46 24.06,2.27,8.856,0.104,Simbad
56,N3447,N02,10 53 26.79,+16 46 34.41,1.09,8.910,0.030,Simbad
57,N3447,N04,10 53 27.39,+16 47 01.52,1.99,9.101,0.030,Simbad
58,N3447,N06,10 53 27.57,+16 47 09.92,2.95,8.741,0.006,Simbad
59,N3447,N07,10 53 27.65,+16 47 13.56,3.36,8.728,0.001,Simbad
60,N3447,N08,10 53 27.87,+16 47 23.44,4.49,8.795,0.018,Simbad
61,N3447,N09,10 53 27.93,+16 47 26.46,4.83,8.789,0.069,Simbad
62,N3972,H10,11 55 43.62,+55 19 06.89,4.89,8.942,0.108,Simbad
63,N3972,H11,11 55 44.37,+55 19 02.28,5.12,9.189,0.079,Simbad
64,N3972,H15,11 55 47.25,+55 19 10.88,2.78,9.034,0.252,Simbad
65,N3972,H20,11 55 47.95,+55 18 57.71,3.31,9.028,0.112,Simbad
66,N3972,H21,11 55 46.34,+55 18 51.10,6.01,9.082,0.032,Simbad
67,N3972,H22,11 55 47.12,+55 18 50.01,5.54,8.980,0.114,Simbad
68,N3982,H465,11 56 27.96,+55 07 21.70,1.02,9.282,0.002,Simbad
69,N3982,H03,11 56 29.25,+55 07 22.96,1.44,9.230,0.003,Simbad
70,N3982,H02,11 56 29.32,+55 07 18.79,1.82,9.190,0.001,Simbad
71,N3982,H20a,11 56 26.29,+55 07 44.89,2.57,8.974,0.005,Simbad
72,N3982,H01b,11 56 29.18,+55 07 09.61,2.59,9.150,0.003,Simbad
73,N3982,H10,11 56 25.55,+55 07 26.08,2.77,8.974,0.011,Simbad
74,N3982,H22,11 56 27.91,+55 07 56.11,2.75,8.967,0.030,Simbad
75,N3982,H20b,11 56 25.94,+55 07 47.41,3.04,9.165,0.002,Simbad
76,N3982,HN1,11 56 27.69,+55 08 01.15,3.34,9.133,0.027,Simbad
77,N3982,HN2,11 56 30.54,+55 07 00.15,4.26,8.863,0.013,Simbad
78,N4038,H03,12 01 50.54,-18 52 07.19,3.34,9.050,0.024,Simbad
79,N4038,H05,12 01 50.91,-18 52 17.39,3.33,9.220,0.010,Simbad
80,N4038,H07,12 01 51.16,-18 52 30.89,4.69,9.018,0.007,Simbad
81,N4038,H10,12 01 52.01,-18 52 28.19,4.00,9.198,0.012,Simbad
82,N4038,H20,12 01 54.62,-18 52 09.69,2.65,8.956,0.002,Simbad
83,N4038,H27,12 01 54.99,-18 52 16.39,3.79,9.015,0.003,Simbad
84,N4038,H28,12 01 55.00,-18 52 33.79,6.07,9.236,0.011,Simbad
85,N4038,H29,12 01 55.44,-18 52 50.59,8.86,8.831,0.001,Simbad
86,N4038,H35,12 01 56.11,-18 52 36.49,7.45,8.804,0.006,Simbad
87,N4258,H14b,12 18 35.85,+47 19 16.01,15.99,8.749,0.037,Simbad
88,N4258,H15,12 18 40.28,+47 19 44.06,11.59,8.955,0.018,Simbad
89,N4258,H17,12 18 52.84,+47 20 45.53,6.49,8.917,0.030,Simbad
90,N4258,H18,12 18 48.62,+47 21 25.67,7.84,8.762,0.018,Simbad
91,N4258,H20,12 18 28.87,+47 19 33.76,21.21,8.715,0.007,Simbad
92,N4258,H07,12 18 49.56,+47 19 20.76,4.92,8.864,0.004,Simbad
93,N4258,H09,12 18 26.72,+47 21 06.54,20.44,8.882,0.019,Simbad
94,N4258,H20b,12 19 19.72,+47 10 51.10,18.20,8.607,0.004,Simbad
95,N4258,H22,12 19 15.84,+47 11 33.74,16.38,8.401,0.012,Simbad
96,N4258,H26,12 18 59.34,+47 14 14.39,12.44,8.842,0.009,Simbad
97,N4258,H29,12 18 53.64,+47 13 29.81,18.32,8.660,0.005,Simbad
98,N4258,H32,12 19 10.97,+47 12 05.37,15.35,8.785,0.031,Simbad
99,N4258,H34,12 19 25.35,+47 12 42.64,17.26,8.838,0.022,Simbad
100,N4258,H01a,12 18 59.04,+47 18 55.96,3.37,8.967,0.005,Simbad
101,N4258,H01b,12 18 59.04,+47 18 55.96,3.37,8.993,0.003,Simbad
102,N4258,H11,12 18 51.93,+47 18 44.10,3.73,8.886,0.007,Simbad
103,N4258,H02,12 18 58.64,+47 19 06.00,3.64,8.849,0.012,Simbad
104,N4258,H03a,12 18 57.51,+47 20 05.12,6.24,8.989,0.005,Simbad
105,N4258,H03b,12 18 57.51,+47 20 05.12,6.24,9.015,0.002,Simbad
106,N4258,H03c,12 18 57.51,+47 20 05.12,6.24,9.003,0.003,Simbad
107,N4258,H05a,12 18 56.02,+47 20 24.97,6.56,8.932,0.003,Simbad
108,N4258,H05b,12 18 56.02,+47 20 24.97,6.56,8.945,0.007,Simbad
109,N4258,H06,12 18 55.33,+47 20 35.41,6.82,8.950,0.002,Simbad
110,N4258,H27,12 18 58.15,+47 14 22.82,12.61,8.911,0.010,Simbad
111,N4258,H28,12 18 57.00,+47 13 43.44,15.48,8.968,0.006,Simbad
112,N4258,H30,12 19 02.45,+47 11 41.54,19.41,8.423,0.002,Simbad
113,N4258,H33a,12 19 01.16,+47 13 22.82,14.41,8.701,0.025,Simbad
114,N4258,H33b,12 19 01.16,+47 13 22.82,14.41,8.743,0.037,Simbad
115,N4258,H33c,12 19 01.16,+47 13 22.82,14.41,8.810,0.063,Simbad
116,N4424,H04a,12 27 12.24,+09 25 14.21,0.27,9.214,0.007,Simbad
117,N4424,H04b,12 27 12.24,+09 25 14.21,0.27,9.094,0.098,Simbad
118,N4424,H05,12 27 11.27,+09 25 18.16,0.93,9.026,0.012,Simbad
119,N4536,H01,12 34 25.55,+02 12 09.01,5.62,8.813,0.007,Simbad
120,N4536,H10,12 34 31.78,+02 10 54.95,6.76,8.943,0.005,Simbad
121,N4536,H11,12 34 24.47,+02 11 13.76,4.93,9.032,0.007,Simbad
122,N4536,H13a,12 34 26.51,+02 11 29.28,1.31,9.083,0.002,Simbad
123,N4536,H14,12 34 32.49,+02 10 25.16,6.99,8.990,0.015,Simbad
124,N4536,H15a,12 34 30.08,+02 11 19.46,5.68,9.066,0.023,Simbad
125,N4536,H15b,12 34 30.08,+02 11 19.46,5.68,9.011,0.021,Simbad
126,N4536,H15c,12 34 30.08,+02 11 19.46,5.68,8.993,0.024,Simbad
127,N4536,H16a,12 34 37.10,+02 10 07.38,13.35,8.668,0.021,Simbad
128,N4536,H17,12 34 38.02,+02 09 29.41,14.20,8.644,0.011,Simbad
129,N4536,H18a,12 34 20.54,+02 11 59.02,8.83,8.854,0.008,Simbad
130,N4536,H18b,12 34 20.54,+02 11 59.02,8.83,8.799,0.041,Simbad
131,N4536,H03,12 34 36.60,+02 10 21.26,13.08,8.735,0.005,Simbad
132,N4536,H06a,12 34 19.29,+02 13 17.42,12.17,8.733,0.003,Simbad
133,N4536,H07,12 34 19.77,+02 12 19.25,9.53,8.810,0.008,Simbad
134,N4536,H08,12 34 21.99,+02 11 43.50,7.13,8.951,0.005,Simbad
135,N4536,H09,12 34 31.87,+02 11 15.27,8.50,8.952,0.002,Simbad
136,N4639,H01,12 42 48.66,+13 16 04.02,5.76,8.885,0.003,Simbad
137,N4639,H10,12 42 56.31,+13 14 34.84,6.86,8.685,0.007,Simbad
138,N4639,H02,12 42 51.25,+13 15 10.40,2.99,9.044,0.004,Simbad
139,N4639,H04a,12 42 49.13,+13 15 02.46,6.41,8.605,0.004,Simbad
140,N4639,H04b,12 42 49.13,+13 15 02.46,6.41,8.660,0.016,Simbad
141,N4639,H06,12 42 48.53,+13 15 17.98,6.16,9.033,0.013,Simbad
142,N4639,H07,12 42 54.13,+13 15 06.45,2.86,9.022,0.002,Simbad
143,N4639,H08,12 42 52.75,+13 14 51.08,4.08,8.869,0.002,Simbad
144,N4639,H09,12 42 54.73,+13 14 40.75,5.36,9.025,0.015,Simbad
145,N4639,H03,12 42 51.72,+13 15 50.20,2.57,9.176,0.002,Simbad
146,N5584,H05,14 22 21.27,-00 22 30.06,5.64,8.705,0.015,Simbad
147,N5584,H08,14 22 22.25,-00 22 41.93,3.93,8.828,0.037,Simbad
148,N5584,H09,14 22 22.73,-00 23 28.64,2.70,8.971,0.010,Simbad
149,N5584,H11,14 22 23.23,-00 22 15.01,6.55,8.699,0.017,Simbad
150,N5584,H19,14 22 24.81,-00 22 32.82,5.64,8.779,0.013,Simbad
151,N5584,H23,14 22 25.69,-00 23 24.67,3.16,8.958,0.025,Simbad
152,N5584,H26,14 22 26.45,-00 24 12.17,6.53,8.706,0.009,Simbad
153,N5584,H27,14 22 26.58,-00 23 44.06,4.93,8.921,0.035,Simbad
154,N5584,H29,14 22 27.03,-00 23 21.89,5.54,8.812,0.021,Simbad
155,N5584,H01,14 22 19.71,-00 23 42.10,8.59,8.719,0.024,Simbad
156,N5584,H03,14 22 20.77,-00 23 29.83,6.01,8.758,0.026,Simbad
157,N5584,H06,14 22 21.33,-00 22 20.95,6.32,8.772,0.007,Simbad
158,N5584,H12,14 22 23.31,-00 23 12.80,0.83,9.205,0.010,Simbad
159,N5584,H14,14 22 23.73,-00 22 32.42,4.82,8.806,0.008,Simbad
160,N5584,H17,14 22 24.36,-00 23 52.78,3.90,8.874,0.010,Simbad
161,N5584,H31,14 22 27.21,-00 24 05.44,6.77,8.698,0.054,Simbad
162,N5584,H32,14 22 27.35,-00 23 12.79,6.39,8.766,0.006,Simbad
163,N5584,H04,14 22 21.17,-00 22 08.28,7.52,8.628,0.077,Simbad
164,N5917,H01a,15 21 30.83,-07 22 50.09,4.40,8.610,0.029,Simbad
165,N5917,H01b,15 21 31.33,-07 22 47.09,3.37,8.564,0.011,Simbad
166,N5917,H09,15 21 32.15,-07 22 52.07,3.11,8.608,0.126,Simbad
167,N5917,H13,15 21 33.81,-07 22 29.79,2.02,8.558,0.020,Simbad
168,N5917,H18,15 21 32.80,-07 22 27.17,2.86,8.530,0.100,Simbad
169,N7250,H01,22 18 17.86,+40 33 36.56,0.98,8.631,0.002,Simbad
170,N7250,H02,22 18 18.22,+40 33 28.46,1.45,8.640,0.003,Simbad
171,N7250,H03,22 18 16.99,+40 34 09.26,2.12,8.616,0.003,Simbad
172,N7250,H04,22 18 17.12,+40 34 07.16,1.91,8.562,0.003,Simbad
173,N7250,H05,22 18 17.22,+40 33 58.46,1.34,8.567,0.004,Simbad
174,N7250,H07,22 18 16.91,+40 34 02.66,1.83,8.614,0.002,Simbad
175,N7250,N01,22 18 17.19,+40 34 37.74,4.57,8.744,0.017,Simbad
176,N7250,N02,22 18 17.13,+40 34 41.61,4.91,8.742,0.008,Simbad
177,N7250,N03,22 18 16.97,+40 34 51.71,5.78,8.782,0.043,Simbad
178,N7250,N04,22 18 16.92,+40 34 55.27,6.09,8.684,0.024,Simbad
179,N7250,N05,22 18 16.85,+40 34 59.60,6.47,8.611,0.066,Simbad
180,U9391,H11,14 34 40.87,+59 20 31.57,8.33,8.817,0.028,Simbad
181,U9391,H12,14 34 40.35,+59 20 24.07,7.22,8.563,0.085,Simbad
182,U9391,H15,14 34 38.89,+59 19 45.28,8.65,8.534,0.065,Simbad
183,U9391,H17,14 34 34.02,+59 20 15.41,6.68,8.863,0.019,Simbad
184,U9391,H02,14 34 38.21,+59 20 51.91,7.04,8.551,0.114,Simbad
185,U9391,H06,14 34 34.98,+59 20 25.24,5.46,8.553,0.026,Simbad
186,U9391,N01,14 34 38.00,+59 20 04.75,3.69,8.601,0.008,Simbad
187,U9391,N05,14 34 35.73,+59 20 30.38,4.72,8.624,0.013,Simbad
