Name,Nvel,Type,Dist,f_Dist,i,L3.6,Reff,SBeff,Rdisk,SBdisk,MHI,RHI,Vflat,Qual,L16a,L16b,S4G,EDD,RC,SimbadName,NEDname,_RA,_DE
CamB,9,10,3.36,2,65.0,0.075,1.21,7.89,0.47,66.2,0.012,1.21,0.0,2,0,1,0,1,RC,NAME Cam B,NAME Cam B,73.27958,67.09917
D512-2,4,10,15.2,1,56.0,0.325,2.37,9.22,1.24,93.94,0.081,0.0,0.0,2,0,1,0,0,RC,ESDO 512-02,ESDO 512-02,218.33465,26.99804
D564-8,6,10,8.79,2,63.0,0.033,0.72,10.11,0.61,21.13,0.029,0.0,0.0,2,0,1,0,0,RC,ESDO 564-8,ESDO 564-8,135.72232,20.07561
D631-7,16,10,7.72,2,59.0,0.196,1.22,20.93,0.7,115.04,0.29,0.0,57.7,1,1,1,0,0,RC,ESDO 631-7,ESDO 631-7,119.25428,14.39657
DDO064,14,10,6.8,1,60.0,0.157,1.2,17.41,0.69,151.65,0.211,3.49,46.1,1,0,1,0,0,RC,DDO064,DDO064,147.59487,31.48828
DDO154,12,10,4.04,2,64.0,0.053,0.65,19.99,0.37,71.26,0.275,4.96,47.0,2,1,1,0,0,RC,DDO154,DDO154,193.52187,27.14963
DDO161,31,10,7.5,1,70.0,0.548,2.04,20.74,1.22,169.37,1.378,10.69,66.3,1,1,1,0,0,RC,DDO161,DDO161,195.81973,-17.42303
DDO168,10,10,4.25,2,63.0,0.191,1.29,18.23,1.02,92.22,0.413,4.3,53.4,2,1,1,0,1,RC,DDO168,DDO168,198.61666,45.91976
DDO170,8,10,15.4,1,66.0,0.543,3.03,9.39,1.95,73.93,0.735,9.14,60.0,2,1,1,0,0,RC,DDO170,DDO170,198.97408,25.43615
ESO079-G014,15,4,28.7,1,79.0,51.733,7.23,157.34,5.08,2295.25,3.14,17.67,175.0,1,1,1,0,0,RC,ESO079-G014,ESO079-G014,15.71436,-65.60999
ESO116-G012,15,7,13.0,1,74.0,4.292,2.75,90.54,1.51,1320.78,1.083,9.58,109.1,1,1,1,0,0,RC,ESO116-G012,ESO116-G012,48.26977,-57.35725
ESO444-G084,7,10,4.83,2,32.0,0.071,0.75,19.81,0.46,66.81,0.135,2.95,0.0,2,0,1,0,0,RC,ESO444-G084,ESO444-G084,204.335,-28.04417
ESO563-G021,30,4,60.8,1,83.0,311.177,10.59,429.37,5.45,6558.89,24.298,55.71,314.6,1,1,1,0,0,RC,ESO563-G021,ESO563-G021,131.82075,-20.03566
F561-1,6,9,66.4,1,24.0,4.077,5.39,22.12,2.79,93.07,1.622,10.69,50.0,3,0,0,0,0,RC,LSB F561-1,LSB F561-1,122.38583,22.55944
F563-1,17,9,48.9,1,25.0,1.903,4.61,14.22,3.52,41.77,3.2,23.47,109.9,1,0,0,0,0,RC,LSB F563-1,LSB F563-1,133.75583,19.75167
F563-V1,6,10,54.0,1,60.0,1.54,5.01,9.75,3.79,40.63,0.61,6.83,0.0,3,0,0,0,0,RC,VLSB F563-V01,VLSB F563-V01,131.6575,18.89028
F563-V2,10,10,59.7,1,29.0,2.986,4.49,23.6,2.43,146.16,2.169,11.37,116.6,1,0,0,0,0,RC,VLSB F563-V02,VLSB F563-V02,133.25833,18.43833
F565-V2,7,10,51.8,1,60.0,0.559,3.57,6.93,2.17,40.26,0.699,7.31,0.0,2,0,1,0,0,RC,VLSB F565-V02,VLSB F565-V02,144.4025,21.77083
F567-2,5,9,79.0,1,20.0,2.134,5.43,11.5,3.08,46.65,2.449,14.94,0.0,3,0,0,0,0,RC,LSB F567-2,LSB F567-2,154.48458,21.06139
F568-1,12,5,90.7,1,26.0,6.252,7.0,20.36,5.18,57.13,4.498,16.31,0.0,1,0,0,0,0,RC,LSB F568-1,LSB F568-1,156.42542,22.42444
F568-3,18,7,82.4,1,40.0,8.346,7.47,23.81,4.99,132.08,3.195,16.14,0.0,1,0,1,0,0,RC,LSB F568-3,LSB F568-3,156.74583,22.22667
F568-V1,15,7,80.6,1,40.0,3.825,4.4,31.39,2.85,90.54,2.491,14.38,112.3,1,1,1,0,0,RC,VLSB F568-V01,VLSB F568-V01,161.2586,22.05432
F571-8,13,5,53.3,1,85.0,10.164,1.4,825.71,3.56,87.26,1.782,24.55,139.7,1,1,1,0,0,RC,LSB F571-8,LSB F571-8,173.47625,19.355
F571-V1,7,7,80.1,1,30.0,1.849,4.38,15.3,2.47,64.39,1.217,10.1,83.6,2,0,1,0,0,RC,VLSB F571-V01,VLSB F571-V01,171.575,18.83167
F574-1,14,7,96.8,1,65.0,6.537,5.87,29.98,4.46,128.48,3.524,16.19,97.8,1,1,1,0,0,RC,LSB F574-1,LSB F574-1,189.55542,22.29972
F574-2,5,9,89.1,1,30.0,2.877,6.48,10.89,3.76,41.38,1.701,12.61,0.0,3,0,0,0,0,RC,LSB F574-2,LSB F574-2,191.69708,21.80333
F579-V1,14,5,89.5,1,26.0,11.848,5.76,56.6,3.37,201.76,2.245,20.96,112.1,1,0,0,0,0,RC,VLSB F579-V01,VLSB F579-V01,218.20042,22.76611
F583-1,25,9,35.4,1,63.0,0.986,3.74,11.19,2.36,60.93,2.126,15.65,85.8,1,1,1,0,0,RC,LSB F583-1,LSB F583-1,239.36451,20.66642
F583-4,12,5,53.3,1,55.0,1.715,3.31,24.94,1.93,83.34,0.641,7.8,0.0,1,0,1,0,0,RC,LSB F583-4,LSB F583-4,238.05,18.785
IC2574,34,9,3.91,2,75.0,1.016,3.18,15.88,2.78,80.32,1.036,10.81,66.4,2,1,1,1,1,RC,IC2574,IC2574,157.09784,68.41214
IC4202,32,4,100.4,1,90.0,179.749,8.55,391.59,4.78,8888.53,12.326,32.13,242.6,1,1,0,0,0,RC,IC4202,IC4202,197.13159,24.70083
KK98-251,15,10,6.8,1,59.0,0.085,1.28,7.89,1.34,52.1,0.115,2.9,33.7,2,1,1,0,0,RC,[KK98a] 251,[KK98a] 251,307.63708,60.35472
NGC0024,29,5,7.3,2,64.0,3.889,2.01,151.65,1.34,1182.58,0.676,7.29,106.3,1,1,1,1,0,RC,NGC0024,NGC0024,2.48559,-24.96313
NGC0055,21,9,2.11,2,77.0,4.628,3.67,54.55,6.11,391.59,1.565,10.24,85.6,2,1,1,1,0,RC,NGC0055,NGC0055,3.72334,-39.19663
NGC0100,21,6,13.5,1,89.0,3.232,2.81,64.99,1.66,1193.52,1.99,16.36,88.1,1,0,0,1,0,RC,NGC0100,NGC0100,6.01182,16.48639
NGC0247,26,7,3.7,2,74.0,7.332,5.87,33.79,3.74,506.79,1.746,12.79,104.9,2,1,1,1,0,RC,NGC0247,NGC0247,11.78564,-20.7604
NGC0289,28,4,20.8,1,46.0,72.065,2.69,1587.93,6.74,69.96,27.469,49.51,163.0,2,1,1,1,0,RC,NGC0289,NGC0289,13.17652,-31.20583
NGC0300,25,7,2.08,2,42.0,2.922,1.77,147.51,1.75,437.35,0.936,9.2,93.3,2,1,1,1,0,RC,NGC0300,NGC0300,13.72283,-37.68438
NGC0801,13,5,80.7,1,80.0,312.57,7.76,818.14,8.72,1558.94,23.201,44.99,220.1,1,1,1,0,0,RC,NGC0801,NGC0801,30.93687,38.25867
NGC0891,18,3,9.91,2,90.0,138.34,3.68,1617.45,2.55,5067.92,4.462,18.16,216.1,1,1,0,0,0,RC,NGC0891,NGC0891,35.63711,42.34832
NGC1003,36,6,11.4,1,67.0,6.82,2.76,140.87,1.61,1345.33,5.88,33.33,109.8,1,1,1,0,0,RC,NGC1003,NGC1003,39.82039,40.87229
NGC1090,24,4,37.0,1,64.0,72.045,6.36,283.68,3.53,2055.09,8.783,30.49,164.4,1,1,1,1,0,RC,NGC1090,NGC1090,41.64132,-0.24704
NGC1705,14,11,5.73,2,80.0,0.533,0.49,347.4,0.39,587.26,0.139,2.36,71.9,3,0,0,1,0,RC,NGC1705,NGC1705,73.55625,-53.36106
NGC2366,26,10,3.27,2,68.0,0.236,1.08,31.98,0.65,113.98,0.647,6.94,50.2,3,0,0,0,1,RC,NGC2366,NGC2366,112.21604,69.20864
NGC2403,73,6,3.16,2,63.0,10.041,2.16,341.06,1.39,1408.74,3.199,15.11,131.2,1,1,1,0,1,RC,NGC2403,NGC2403,114.21415,65.60255
NGC2683,11,3,9.81,2,80.0,80.415,3.34,1139.8,2.18,10205.4,1.406,13.79,154.0,2,1,1,1,0,RC,NGC2683,NGC2683,133.17227,33.4218
NGC2841,50,3,14.1,3,76.0,188.121,5.51,983.63,3.64,4751.49,9.775,45.12,284.8,1,1,1,1,0,RC,NGC2841,NGC2841,140.51106,50.97648
NGC2903,34,4,6.6,1,66.0,81.863,4.54,632.16,2.33,1193.52,2.552,13.76,184.6,1,1,1,1,0,RC,NGC2903,NGC2903,143.04213,21.50083
NGC2915,30,11,4.06,2,56.0,0.641,0.53,347.4,0.55,313.93,0.508,7.16,83.5,2,1,1,0,1,RC,NGC2915,NGC2915,141.54805,-76.62632
NGC2955,24,3,97.9,1,56.0,319.422,7.22,974.61,18.76,50.68,28.949,40.34,0.0,1,0,1,0,0,RC,NGC2955,NGC2955,145.31917,35.88212
