curve,z,H0
exponential_method3,0.06133422792812039,74.83947385781062
exponential_method3,0.08665187104184993,73.60722908783879
exponential_method3,0.09823715265765794,73.17229930109224
exponential_method3,0.11130032321694187,72.75207703593844
exponential_method3,0.12294608824487718,72.42726361650897
exponential_method3,0.13756162542791045,72.07382478242329
exponential_method3,0.15077705567144267,71.79528469918577
exponential_method3,0.16850333900230277,71.47175787729003
exponential_method3,0.18188295243263244,71.25814495385771
exponential_method3,0.20135119774730664,70.98500618744816
exponential_method3,0.22403791902480774,70.71252360418708
exponential_method3,0.24775279046471727,70.46879896065006
exponential_method3,0.2717628050441218,70.25577779845823
exponential_method3,0.2952966945250389,70.07345275510781
exponential_method3,0.320742486011057,69.9001927945237
exponential_method3,0.34412352902431687,69.75923581922873
exponential_method3,0.37277153831742293,69.6056521499689
exponential_method3,0.39269906821773437,69.51017336045877
exponential_method3,0.4307165717865798,69.34758350846275
exponential_method3,0.48105246612894803,69.16511857754071
exponential_method3,0.5717220383103984,68.90722847675097
exponential_method3,0.6462364797592057,68.74246116426511
exponential_method3,0.760892392845722,68.54601667931054
exponential_method3,0.8993993598435055,68.37025714869665
exponential_method3,1.1511843133226431,68.15438853817193
exponential_method3,1.2067030332246411,68.11891967626187
exponential_method3,1.266916038243804,68.08360358630503
exponential_method3,1.4170704605156252,68.00761150364708
exponential_method3,1.4819177496108742,67.97958981429998
exponential_method3,1.5342457604870132,67.95831585965772
exponential_method3,1.5881519503875796,67.93845550573921
exponential_method3,1.681122032702044,67.9064783112419
exponential_method3,1.7414929664195984,67.88736709208194
exponential_method3,1.8154542707707817,67.86573605600685
exponential_method3,1.8744868284038663,67.84931399134877
exponential_method3,1.938376706963307,67.83338889569511
exponential_method3,2.131491997326591,67.7893353543897
exponential_method3,2.2039081178278277,67.77476311880372
exponential_method3,2.3198967479453745,67.75315969211776
exponential_method3,2.3967161664801275,67.74003602914844
exponential_method3,2.542755375360896,67.71727668937066
exponential_method3,2.848536376223306,67.67611845267265
exponential_method3,2.952822760801979,67.66438998416767
exponential_method3,3.078200469190788,67.65069204590432
exponential_method3,3.1859946031922344,67.64049129693154
exponential_method3,3.3716672520017834,67.62356121951335
exponential_method3,3.534686940139584,67.61027374083515
exponential_method3,3.639839744449011,67.60257808376997
exponential_method3,3.9500679571027786,67.58163912304923
exponential_method3,4.072265173475793,67.57463738196434
exponential_method3,5.333480568319887,67.51989716643735
exponential_method3,5.694315406580083,67.50904851713284
exponential_method3,5.929442384097008,67.50292291399653
exponential_method3,8.191024334069493,67.46264449649898
gaussian_method3,0.08882519580246304,73.64099629106511
gaussian_method3,0.08955078656320793,72.82480384817457
gaussian_method3,0.10189996056260035,73.18722125560728
gaussian_method3,0.10262717984654561,72.32956779305121
gaussian_method3,0.11427825524792287,72.81847209493272
gaussian_method3,0.11427825524792287,71.94950062345681
gaussian_method3,0.12596433076052527,71.61542977585005
gaussian_method3,0.1274279891816432,72.47879009914053
gaussian_method3,0.13989436893205853,71.26657686129985
gaussian_method3,0.142099127680346,72.14909626002478
gaussian_method3,0.1524124107632424,70.99064402470974
gaussian_method3,0.16128391313978857,71.7804879072348
gaussian_method3,0.17018585541465692,70.64848270577315
gaussian_method3,0.18285105943313143,71.43084168290343
gaussian_method3,0.18285105943313143,70.4339246209194
gaussian_method3,0.2031093273055543,70.13137725351515
gaussian_method3,0.20537203954903904,71.12101371958403
gaussian_method3,0.2258393394966873,69.84051049834137
gaussian_method3,0.228889252391907,70.84364795569775
gaussian_method3,0.2488202274356378,69.58765819075599
gaussian_method3,0.2511333432259163,70.61540665758821
gaussian_method3,0.2720698458363876,69.3656879052322
gaussian_method3,0.2751916748892933,70.39829378392642
gaussian_method3,0.29639552014931786,69.16308836712625
gaussian_method3,0.29797609518031937,70.2161123093995
gaussian_method3,0.3202446594904247,68.98877556850309
gaussian_method3,0.3226474104575376,70.03985028790335
gaussian_method3,0.34522572675385066,68.82769502977985
gaussian_method3,0.3460376696545703,69.88991657988728
gaussian_method3,0.369744005610622,68.68774671750131
gaussian_method3,0.3746906678786777,69.72471487967901
gaussian_method3,0.39628824751206965,68.55334605181318
gaussian_method3,0.4215591533739213,68.43974998115199
gaussian_method3,0.443775130864183,69.39541033295009
gaussian_method3,0.4498075261512733,68.3267834045631
gaussian_method3,0.4750407811840638,68.23708233988616
gaussian_method3,0.5006727719747617,69.17845207186745
gaussian_method3,0.5087115575204082,68.13064262288903
gaussian_method3,0.5532036313942913,69.01056673903517
gaussian_method3,0.582011683919444,67.94524741546668
gaussian_method3,0.6510367714815378,68.76238225883972
gaussian_method3,0.66580954407224,67.79115389282079
gaussian_method3,0.7059047736290451,68.65022555766548
gaussian_method3,0.7160928826317172,67.72028611278648
gaussian_method3,0.7596266808551708,67.6691792928698
gaussian_method3,0.7648920842805929,68.54808186161792
gaussian_method3,0.8273064137264319,68.45503453897769
gaussian_method3,0.8605974503554127,67.57957762199374
gaussian_method3,0.912893489190771,67.54550947642585
gaussian_method3,0.9396459425497253,67.53106976590772
gaussian_method3,0.9920913662567962,68.26786864939875
gaussian_method3,1.0512859180910057,67.48326871018358
gaussian_method3,1.0855406630724065,68.18845300248793
gaussian_method3,1.119198195337852,68.16368922105887
gaussian_method3,1.2160674134612803,68.09917896302963
gaussian_method3,1.2968255189486975,68.05320748949224
gaussian_method3,1.3231186064936193,67.42601419961927
gaussian_method3,1.3393790893834665,68.03145129085306
gaussian_method3,1.376907443118554,67.42074632817211
gaussian_method3,1.396749729752655,68.00404068931883
gaussian_method3,1.6881013809195509,67.40193881229267
gaussian_method3,1.7561822873588662,67.40025279892943
gaussian_method3,1.8586619494714458,67.39797778526463
gaussian_method3,1.8822146880419315,67.8370738288318
gaussian_method3,2.1026707716300743,67.78519026476741
gaussian_method3,2.1695176171774317,67.7713892514513
gaussian_method3,2.252704208633853,67.75569975591827
gaussian_method3,2.3590245779803793,67.73649098358338
gaussian_method3,2.4449852416250115,67.72279304532003
gaussian_method3,2.5998649927831554,67.69945758962228
gaussian_method3,2.7313838904762293,67.68174340555262
gaussian_method3,2.751468551320393,67.39160553825204
gaussian_method3,2.815710072659841,67.67132730334458
gaussian_method3,2.955818560895213,67.65520526071509
gaussian_method3,3.0484971073057676,67.64554565576938
gaussian_method3,3.309155476940376,67.62098434319398
gaussian_method3,3.5141579910763747,67.60427882214076
gaussian_method3,3.949796091582406,67.39039992825977
gaussian_method3,4.071915932232043,67.39063736900633
gaussian_method3,4.430278298902872,67.5491447126621
gaussian_method3,5.1354997639307856,67.3902361125509
gaussian_method3,5.3973496255102775,67.39035023135932
gaussian_method3,5.757633899780233,67.39032446259613
gaussian_method3,5.910641454228654,67.49822563659153
gaussian_method3,6.040077074369062,67.39009622497926
gaussian_method3,6.2373254287065825,67.49066434522014
gaussian_method3,6.29224902224037,67.390423856397
gaussian_method3,6.519321688844073,67.48484244536434
gaussian_method3,6.8939969190761,67.47787015429452
gaussian_method3,7.016112869786084,67.39035575323715
gaussian_method3,7.961921265928008,67.39032814384801
gaussian_method3,8.00459001017972,67.46143888650671
gaussian_method3,8.19067014005762,67.45924854163525
gaussian_method3,8.19067014005762,67.39031710009235
gaussian_method3_cleaned,0.08918799118283549,73.07473155452297
gaussian_method3_cleaned,0.10226357020457298,72.7917603177146
gaussian_method3_cleaned,0.11427825524792287,72.39649694033976
gaussian_method3_cleaned,0.12669615997108424,72.04631095245078
gaussian_method3_cleaned,0.14099674830620226,71.58186350762244
gaussian_method3_cleaned,0.1524124107632424,71.49298949753562
gaussian_method3_cleaned,0.16128391313978857,71.13987154590589
gaussian_method3_cleaned,0.17018585541465692,71.1204512549731
gaussian_method3_cleaned,0.18285105943313143,70.7356871147447
gaussian_method3_cleaned,0.20424068342729668,70.63355262182684
gaussian_method3_cleaned,0.22736429594429713,70.35660237924706
gaussian_method3_cleaned,0.24997678533077705,70.10853416525698
gaussian_method3_cleaned,0.27363076036284045,69.89104120233809
gaussian_method3_cleaned,0.2971858076648186,69.69530137034846
gaussian_method3_cleaned,0.32144603497398117,69.52090635709988
gaussian_method3_cleaned,0.34563169820421047,69.35978317720897
gaussian_method3_cleaned,0.37221733674464985,69.03946088507895
gaussian_method3_cleaned,0.39628824751206965,68.73310894385178
gaussian_method3_cleaned,0.4215591533739213,68.79616878863841
gaussian_method3_cleaned,0.443775130864183,68.72064790622171
gaussian_method3_cleaned,0.4498075261512733,68.65309202579978
gaussian_method3_cleaned,0.4750407811840638,68.5807726054389
gaussian_method3_cleaned,0.5006727719747617,68.51539234488088
gaussian_method3_cleaned,0.5087115575204082,68.77322047793054
gaussian_method3_cleaned,0.5532036313942913,68.36215225913028
gaussian_method3_cleaned,0.582011683919444,68.57273213778052
gaussian_method3_cleaned,0.6510367714815378,68.1662611890424
gaussian_method3_cleaned,0.66580954407224,68.40125390310867
gaussian_method3_cleaned,0.7059047736290451,68.05388852109091
gaussian_method3_cleaned,0.7160928826317172,68.01323032110726
gaussian_method3_cleaned,0.7596266808551708,67.97918242242473
gaussian_method3_cleaned,0.7648920842805929,68.22409856448847
gaussian_method3_cleaned,0.8273064137264319,68.19423134086311
gaussian_method3_cleaned,0.8605974503554127,67.8600405457991
gaussian_method3_cleaned,0.912893489190771,67.5520522881091
gaussian_method3_cleaned,0.9396459425497253,67.78148263057744
gaussian_method3_cleaned,0.9920913662567962,67.76073570849668
gaussian_method3_cleaned,1.0512859180910057,67.97986345402343
gaussian_method3_cleaned,1.0855406630724065,67.94513697791014
gaussian_method3_cleaned,1.119198195337852,68.15044039552548
gaussian_method3_cleaned,1.2160674134612803,68.10535855786026
gaussian_method3_cleaned,1.2968255189486975,67.85946688404705
gaussian_method3_cleaned,1.3231186064936193,67.83689099332153
gaussian_method3_cleaned,1.3393790893834665,67.62607060621482
gaussian_method3_cleaned,1.376907443118554,67.81874610278135
gaussian_method3_cleaned,1.396749729752655,67.60890860992788
gaussian_method3_cleaned,1.6881013809195509,67.60207743351366
gaussian_method3_cleaned,1.7561822873588662,67.40005646549558
gaussian_method3_cleaned,1.8586619494714458,67.54510147100864
gaussian_method3_cleaned,1.8822146880419315,67.6734139596213
gaussian_method3_cleaned,2.1026707716300743,67.79788444835019
gaussian_method3_cleaned,2.1695176171774317,67.770759757379
gaussian_method3_cleaned,2.252704208633853,67.75452666365099
gaussian_method3_cleaned,2.3590245779803793,67.7383279282739
gaussian_method3_cleaned,2.4449852416250115,67.71958053950857
gaussian_method3_cleaned,2.5998649927831554,67.70133134683165
gaussian_method3_cleaned,2.7313838904762293,67.59093551114232
gaussian_method3_cleaned,2.751468551320393,67.58155874904976
gaussian_method3_cleaned,2.815710072659841,67.57271270077058
gaussian_method3_cleaned,2.955818560895213,67.6573594066097
gaussian_method3_cleaned,3.0484971073057676,67.64057841989283
gaussian_method3_cleaned,3.309155476940376,67.62360294036806
gaussian_method3_cleaned,3.5141579910763747,67.53855436453152
gaussian_method3_cleaned,3.949796091582406,67.4617720398023
gaussian_method3_cleaned,4.071915932232043,67.44339400330942
gaussian_method3_cleaned,4.430278298902872,67.44333939807312
gaussian_method3_cleaned,5.1354997639307856,67.44324368552412
gaussian_method3_cleaned,5.3973496255102775,67.3903036021688
gaussian_method3_cleaned,5.757633899780233,67.42630011018235
gaussian_method3_cleaned,5.910641454228654,67.426215441389
gaussian_method3_cleaned,6.040077074369062,67.45966206893034
gaussian_method3_cleaned,6.2373254287065825,67.42372814219884
gaussian_method3_cleaned,6.29224902224037,67.45531021566053
gaussian_method3_cleaned,6.519321688844073,67.45104548535198
gaussian_method3_cleaned,6.8939969190761,67.4510227842987
gaussian_method3_cleaned,7.016112869786084,67.41951801712658
gaussian_method3_cleaned,7.961921265928008,67.41404092786398
gaussian_method3_cleaned,8.00459001017972,67.42551661707286
gaussian_method3_cleaned,8.19067014005762,67.43700150941146
gaussian_method3_fitted,0.08882519580246304,72.42270311820093
gaussian_method3_fitted,0.08955078656320793,72.41629359636478
gaussian_method3_fitted,0.10189996056260035,72.30074080893324
gaussian_method3_fitted,0.10262717984654561,72.29356744458464
gaussian_method3_fitted,0.11427825524792287,72.17339239707306
gaussian_method3_fitted,0.11427825524792287,72.17339239707306
gaussian_method3_fitted,0.12596433076052527,72.04359804016285
gaussian_method3_fitted,0.1274279891816432,72.02673795006005
gaussian_method3_fitted,0.13989436893205853,71.87817014858288
gaussian_method3_fitted,0.142099127680346,71.8510275131982
gaussian_method3_fitted,0.1524124107632424,71.72095939637812
gaussian_method3_fitted,0.16128391313978857,71.60539693076534
gaussian_method3_fitted,0.17018585541465692,71.48652445240282
gaussian_method3_fitted,0.18285105943313143,71.31331431905005
gaussian_method3_fitted,0.18285105943313143,71.31331431905005
gaussian_method3_fitted,0.2031093273055543,71.0294167335495
gaussian_method3_fitted,0.20537203954903904,70.99738136538141
gaussian_method3_fitted,0.2258393394966873,70.70674019241223
gaussian_method3_fitted,0.228889252391907,70.66348350397094
gaussian_method3_fitted,0.2488202274356378,70.38303710294423
gaussian_method3_fitted,0.2511333432259163,70.3508562620897
gaussian_method3_fitted,0.2720698458363876,70.0647748896567
gaussian_method3_fitted,0.2751916748892933,70.02306678814323
gaussian_method3_fitted,0.29639552014931786,69.7478551388394
gaussian_method3_fitted,0.29797609518031937,69.72795871469083
gaussian_method3_fitted,0.3202446594904247,69.45795730142225
gaussian_method3_fitted,0.3226474104575376,69.43004107051361
gaussian_method3_fitted,0.34522572675385066,69.18018167059759
gaussian_method3_fitted,0.3460376696545703,69.17162858415969
gaussian_method3_fitted,0.369744005610622,68.9356096039888
gaussian_method3_fitted,0.3746906678786777,68.8897437405405
gaussian_method3_fitted,0.39628824751206965,68.70325065238283
gaussian_method3_fitted,0.4215591533739213,68.51307312474998
gaussian_method3_fitted,0.443775130864183,68.36984048838826
gaussian_method3_fitted,0.4498075261512733,68.33463298272251
gaussian_method3_fitted,0.4750407811840638,68.20336366700796
gaussian_method3_fitted,0.5006727719747617,68.09436371761645
gaussian_method3_fitted,0.5087115575204082,68.06475531557516
gaussian_method3_fitted,0.5532036313942913,67.93478324519556
gaussian_method3_fitted,0.582011683919444,67.87613828343731
gaussian_method3_fitted,0.6510367714815378,67.79187999325623
gaussian_method3_fitted,0.66580954407224,67.78114376080086
gaussian_method3_fitted,0.7059047736290451,67.76041057868392
gaussian_method3_fitted,0.7160928826317172,67.75667680639968
gaussian_method3_fitted,0.7596266808551708,67.74555500460205
gaussian_method3_fitted,0.7648920842805929,67.7446242028796
gaussian_method3_fitted,0.8273064137264319,67.73778944035914
gaussian_method3_fitted,0.8605974503554127,67.73614260670118
gaussian_method3_fitted,0.912893489190771,67.73487400001795
gaussian_method3_fitted,0.9396459425497253,67.73456336452482
gaussian_method3_fitted,0.9920913662567962,67.73426680747994
gaussian_method3_fitted,1.0512859180910057,67.73415522907638
gaussian_method3_fitted,1.0855406630724065,67.73413203229583
gaussian_method3_fitted,1.119198195337852,67.7341212336912
gaussian_method3_fitted,1.2160674134612803,67.73411299621547
gaussian_method3_fitted,1.2968255189486975,67.73411226334659
gaussian_method3_fitted,1.3231186064936193,67.73411221308834
gaussian_method3_fitted,1.3393790893834665,67.7341121958593
gaussian_method3_fitted,1.376907443118554,67.73411217627655
gaussian_method3_fitted,1.396749729752655,67.73411217181784
gaussian_method3_fitted,1.6881013809195509,67.7341121661677
gaussian_method3_fitted,1.7561822873588662,67.73411216616731
gaussian_method3_fitted,1.8586619494714458,67.73411216616728
gaussian_method3_fitted,1.8822146880419315,67.73411216616728
gaussian_method3_fitted,2.1026707716300743,67.73411216616728
gaussian_method3_fitted,2.1695176171774317,67.73411216616728
gaussian_method3_fitted,2.252704208633853,67.73411216616728
gaussian_method3_fitted,2.3590245779803793,67.73411216616728
gaussian_method3_fitted,2.4449852416250115,67.73411216616728
gaussian_method3_fitted,2.5998649927831554,67.73411216616728
gaussian_method3_fitted,2.7313838904762293,67.73411216616728
gaussian_method3_fitted,2.751468551320393,67.73411216616728
gaussian_method3_fitted,2.815710072659841,67.73411216616728
gaussian_method3_fitted,2.955818560895213,67.73411216616728
gaussian_method3_fitted,3.0484971073057676,67.73411216616728
gaussian_method3_fitted,3.309155476940376,67.73411216616728
gaussian_method3_fitted,3.5141579910763747,67.73411216616728
gaussian_method3_fitted,3.949796091582406,67.73411216616728
gaussian_method3_fitted,4.071915932232043,67.73411216616728
gaussian_method3_fitted,4.430278298902872,67.73411216616728
gaussian_method3_fitted,5.1354997639307856,67.73411216616728
gaussian_method3_fitted,5.3973496255102775,67.73411216616728
gaussian_method3_fitted,5.757633899780233,67.73411216616728
gaussian_method3_fitted,5.910641454228654,67.73411216616728
gaussian_method3_fitted,6.040077074369062,67.73411216616728
gaussian_method3_fitted,6.2373254287065825,67.73411216616728
gaussian_method3_fitted,6.29224902224037,67.73411216616728
gaussian_method3_fitted,6.519321688844073,67.73411216616728
gaussian_method3_fitted,6.8939969190761,67.73411216616728
gaussian_method3_fitted,7.016112869786084,67.73411216616728
gaussian_method3_fitted,7.961921265928008,67.73411216616728
gaussian_method3_fitted,8.00459001017972,67.73411216616728
gaussian_method3_fitted,8.19067014005762,67.73411216616728
gaussian_method3_fitted,8.19067014005762,67.73411216616728
maxwell_boltzmann_method3,0.060944111541585834,75.68936263982867
maxwell_boltzmann_method3,0.06318279718558974,75.6357691342638
maxwell_boltzmann_method3,0.06541664476383338,75.57389649321
maxwell_boltzmann_method3,0.06764521637456047,75.50490983288883
maxwell_boltzmann_method3,0.06986852157089359,75.429968747644
maxwell_boltzmann_method3,0.07282503530019122,75.32252220825637
maxwell_boltzmann_method3,0.07577428451746572,75.20856169365858
maxwell_boltzmann_method3,0.07871531571210412,75.08927992946133
maxwell_boltzmann_method3,0.08238141230786016,74.93486981915335
maxwell_boltzmann_method3,0.08603758974130943,74.776445303665
maxwell_boltzmann_method3,0.09041209338613515,74.58300840150031
maxwell_boltzmann_method3,0.09477500234325399,74.38801617041428
maxwell_boltzmann_method3,0.09985178762368446,74.16059487116208
maxwell_boltzmann_method3,0.10563875482421974,73.90272869850959
maxwell_boltzmann_method3,0.11213462624125622,73.61766451661923
maxwell_boltzmann_method3,0.11933972797464605,73.30958790888401
maxwell_boltzmann_method3,0.13013387690628617,72.8679683671498
maxwell_boltzmann_method3,0.17346735176722763,71.38899137085107
maxwell_boltzmann_method3,0.18441023516267455,71.09367122120966
maxwell_boltzmann_method3,0.19468183032939834,70.84344548684409
maxwell_boltzmann_method3,0.2042752356420297,70.63184344725384
maxwell_boltzmann_method3,0.21392554100729552,70.43875442339227
maxwell_boltzmann_method3,0.22363518011155367,70.26267094261252
maxwell_boltzmann_method3,0.23340592135573768,70.10204871974895
maxwell_boltzmann_method3,0.24399815207303394,69.94459605475818
maxwell_boltzmann_method3,0.25542878340538705,69.79182594216488
maxwell_boltzmann_method3,0.26694510566144886,69.65365383392076
maxwell_boltzmann_method3,0.2793249392866055,69.52032625315704
maxwell_boltzmann_method3,0.2918046932725738,69.39977445705952
maxwell_boltzmann_method3,0.3043857650663022,69.2904357542031
maxwell_boltzmann_method3,0.3194588149601826,69.17375111321057
maxwell_boltzmann_method3,0.3411325997797527,69.02754283210193
maxwell_boltzmann_method3,0.3614709380779101,68.91083610359809
maxwell_boltzmann_method3,0.3812492490263058,68.81156930589849
maxwell_boltzmann_method3,0.41223618351809815,68.68077994830934
maxwell_boltzmann_method3,0.43867754202867104,68.58739395049571
maxwell_boltzmann_method3,0.46995257813266544,68.49408894022353
maxwell_boltzmann_method3,0.4947161931960873,68.43098123916239
maxwell_boltzmann_method3,0.534437375264666,68.34480681379108
maxwell_boltzmann_method3,0.607425640419717,68.22256164182656
maxwell_boltzmann_method3,0.7237070452503507,68.08764560087455
maxwell_boltzmann_method3,0.9072694436235897,67.94842985772108
maxwell_boltzmann_method3,0.96956227406656,67.91225971732698
maxwell_boltzmann_method3,1.0071213574220461,67.8928043011158
maxwell_boltzmann_method3,1.1133598465852401,67.84457806079897
maxwell_boltzmann_method3,1.6343377630995068,67.69020660363577
maxwell_boltzmann_method3,1.6895564926884732,67.67938372309446
maxwell_boltzmann_method3,1.76331566449766,67.66534710965772
maxwell_boltzmann_method3,1.8538464590572412,67.65021716441119
maxwell_boltzmann_method3,2.0103694054801142,67.62656143979946
maxwell_boltzmann_method3,2.0894699049377206,67.61612877195793
maxwell_boltzmann_method3,2.6021922959900197,67.5629972635046
maxwell_boltzmann_method3,2.7688029070652522,67.54991961618384
maxwell_boltzmann_method3,2.851389381341724,67.54414189135065
maxwell_boltzmann_method3,2.980863383894953,67.53603577470031
maxwell_boltzmann_method3,3.415544454153852,67.5124978501489
maxwell_boltzmann_method3,3.604168668095328,67.50447640229191
maxwell_boltzmann_method3,4.521825666165482,67.47470979955142
maxwell_boltzmann_method3,4.7300106996544455,67.46974747201071
maxwell_boltzmann_method3,4.911283164071509,67.46583430125716
maxwell_boltzmann_method3,5.15958804488137,67.46116831449318
maxwell_boltzmann_method3,6.032594295476141,67.44740411369591
maxwell_boltzmann_method3,6.268377393927627,67.44461924664505
maxwell_boltzmann_method3,7.052152411158052,67.43643950495702
maxwell_boltzmann_method3,7.481044633486503,67.43264781551568
maxwell_boltzmann_method3,7.8946108868060545,67.42957397019187
maxwell_boltzmann_method3,8.190357281420388,67.42776279426455
