pgc,galaxy_name,cep_mu,cep_mu_err,trgb_mu,trgb_mu_err,delta_mu,delta_mu_err,ra,dec,v_cmb,cep_source,trgb_source,sample,r22_matched,sigma_kms,sigma_err_kms,U_i,S_total,X_i,X_i_unscreened,U_i_err,X_i_err,cmb_dot,cmb_sep_deg
143,PGC 143,24.9,0.036,24.91,0.07,-0.010000000000001563,0.07871467461661771,0.4926,-15.4609,-437.0,CF4_registered,CF4_registered,CF4,False,18.526197667087544,1.8526197667087545,343.21999999999997,1.0,-6.536341184989435e-09,-8.071738997038192e-08,68.64399999999999,7.637675044774459e-10,-0.9016495062301964,154.37574173011387
1014,PGC 1014,26.394,0.031,26.57,0.03,-0.17600000000000193,0.04313930922024598,3.7233,-39.1966,-117.0,CF4_registered,CF4_registered,CF4,False,41.50716805565034,4.150716805565033,1722.845,1.0,8.814057150840301e-09,-6.536699163455219e-08,344.56899999999996,3.833847171643392e-09,-0.6638901882459047,131.59723989358767
2557,PGC 2557,24.397,0.066,24.53,0.1,-0.13300000000000267,0.11981652640600128,10.6848,41.2689,-585.0,CF4_registered,CF4_registered,CF4,False,181.514311,18.1514311,32947.44509780472,0.4714380741611139,1.6246919474734946e-07,2.8205353885619026e-07,6589.489019560944,3.456487469094523e-08,-0.7678451191376459,140.16077483074037
2758,PGC 2758,27.607,0.037,27.8,0.02,-0.1930000000000014,0.04205948168962618,11.7857,-20.7604,-137.0,CF4_registered,CF4_registered,CF4,False,59.750523010263265,1.414213562373095,3570.125,1.0,2.936781910630759e-08,-4.4813229679084905e-08,168.99999999999997,1.880378594730615e-09,-0.806133835797799,143.7198984350636
3238,PGC 3238,26.289,0.07,26.55,0.06,-0.26099999999999923,0.09219544457292887,13.723,-37.6845,-89.0,CF4_registered,CF4_registered,CF4,False,63.21534623807735,1.4849242404917498,3996.1800000000003,1.0,3.410832030262684e-08,-4.007272848276566e-08,187.74,2.0888892152350638e-09,-0.6334783440538228,129.3072172383931
3844,PGC 3844,24.26,0.031,24.34,0.06,-0.0799999999999983,0.06753517601961218,16.1991,2.1177,-557.0,CF4_registered,CF4_registered,CF4,False,18.950461735799472,0.7778174593052023,359.11999999999995,1.0,-6.359429826076911e-09,-8.05404786114694e-08,29.479999999999997,3.280092365246067e-10,-0.8782402271598343,151.43080626976877
5818,PGC 5818,24.606,0.046,24.8,0.08,-0.19399999999999906,0.09228217596047461,23.4621,30.6599,-456.0,CF4_registered,CF4_registered,CF4,False,70.7813887967734,1.2020815280171306,5010.004999999999,1.0,4.538864473341243e-08,-2.879240405198007e-08,170.16999999999996,1.8933966003864425e-09,-0.7566514160928375,139.16987682537203
9332,PGC 9332,29.779,0.04,29.85,0.06,-0.0710000000000015,0.07211102550927978,36.8203,33.579,326.0,CF4_registered,CF4_registered,CF4,False,74.67047609329941,1.4849242404917498,5575.679999999999,0.9406490568972323,4.8000625605563856e-08,-2.2498420847398762e-08,221.76,2.3209694897192252e-09,-0.6107625982779028,127.64466423313905
13179,PGC 13179,31.378,0.056,31.4,0.09,-0.021999999999998465,0.106,53.4016,-36.1405,1568.0,CF4_registered,CF4_registered,CF4,False,140.219275,14.021927500000002,19661.445081525628,0.1292709906890823,1.7924541334293046e-08,1.3422685222777719e-07,3932.289016305126,5.655944008333944e-09,-0.2616464377580041,105.16777838693409
13727,PGC 13727,31.287,0.037,31.33,0.09,-0.04299999999999926,0.09730878685915265,56.1327,-44.6446,1097.0,CF4_registered,CF4_registered,CF4,False,130.885465,13.088546500000001,17131.00494826623,0.7767538942827101,1.3770043333643149e-07,1.0607190866666322e-07,3426.200989653246,2.961112240876163e-08,-0.1774277042512984,100.21996656165524
21396,PGC 21396,27.509,0.1,27.47,0.05,0.03900000000000148,0.1118033988749895,114.2142,65.6024,179.0,CF4_registered,CF4_registered,CF4,False,84.99423509862301,1.8384776310850235,7224.0199999999995,0.9406490568972323,6.525237005309176e-08,-4.1581649134445416e-09,312.52,3.27087565353108e-09,0.13247987413473739,82.38708164352258
32007,PGC 32007,29.969,0.09,29.94,0.03,0.028999999999999915,0.09486832980505137,160.9904,11.7035,1127.0,CF4_registered,CF4_registered,CF4,False,106.5609919248127,2.616295090390226,11355.244999999997,0.4714380741611139,4.920825926859768e-08,4.180791236475654e-08,557.5899999999999,2.9248138090392183e-09,0.9403567854376127,19.888439567678965
32192,PGC 32192,30.079,0.06,30.19,0.09,-0.11100000000000065,0.10816653826391967,161.6904,11.8198,1217.0,CF4_registered,CF4_registered,CF4,False,142.9769911559199,3.252691193458118,20442.42,0.4714380741611139,9.687463586279048e-08,1.4291637009594697e-07,930.1199999999998,4.878903531382481e-09,0.9410734867824168,19.767376970510448
34695,PGC 34695,29.979,0.08,30.21,0.1,-0.23100000000000165,0.12806248474865697,170.0625,12.991,1076.0,CF4_registered,CF4_registered,CF4,False,123.53155467328983,2.545584412271571,15260.044999999995,0.6967304549770724,1.0794331177546934e-07,8.525467175353821e-08,628.9199999999998,4.875495887100694e-09,0.9394160585782789,20.04627881236087
37967,PGC 37967,31.603,0.116,31.67,0.14,-0.06700000000000017,0.1818130908378162,180.4709,-18.868,2036.0,CF4_registered,CF4_registered,CF4,False,119.571757,11.9571757,14297.40507206705,0.9317852262889048,1.3787329480355312e-07,7.454385805579778e-08,2859.48101441341,2.9645694702185954e-08,0.9560547113243648,17.04893264941165
39600,PGC 39600,29.363,0.057,29.4,0.08,-0.036999999999999034,0.09822932352408827,184.7398,47.3038,652.0,CF4_registered,CF4_registered,CF4,False,150.543034,15.054303400000002,22663.205085925158,0.09568098445277634,1.3771945394697304e-08,1.6762593659932367e-07,4532.641017185032,4.825424820414794e-09,0.5555544840529918,56.25108523943046
40809,PGC 40809,30.844,0.128,31.0,0.09,-0.1559999999999988,0.1564736399525492,186.799,9.4202,767.0,CF4_registered,CF4_registered,CF4,False,20.223254,2.0223254,408.98000234851605,0.0270303739152203,-1.02321765522974e-08,-7.998571126739031e-08,81.79600046970322,2.460043101585347e-11,0.9069287833504445,24.91567634215047
45314,PGC 45314,28.229,0.06,28.14,0.04,0.08899999999999864,0.07211102550927978,196.4565,37.605,545.0,CF4_registered,CF4_registered,CF4,False,27.86000717874997,1.0606601717798212,776.18,1.0,-1.7190115022996886e-09,-7.590006028769218e-08,59.099999999999994,6.575761831276886e-10,0.6172507379832194,51.884354423256504
50063,PGC 50063,29.178,0.041,29.07,0.08,0.10800000000000054,0.08989438247187641,210.8025,54.3491,240.0,CF4_registered,CF4_registered,CF4,False,193.817969,19.3817969,37565.40510728496,0.8089374852214116,3.2775763619200995e-07,3.3343527349020587e-07,7513.081021456993,6.762256297987733e-08,0.3258533880574311,70.98271474404608
51969,PGC 51969,30.546,0.052,30.42,0.11,0.12599999999999767,0.12167168939404104,218.1696,-44.1745,1166.0,CF4_registered,CF4_registered,CF4,False,121.056681,12.1056681,14654.72001473576,0.7570263589915945,1.1308232237483205e-07,7.851952296568914e-08,2930.9440029471525,2.4687500216441745e-08,0.5397189380793085,57.3354922060016
63616,PGC 63616,23.297,0.02,23.53,0.07,-0.23300000000000054,0.07280109889280519,296.2374,-14.8003,-256.0,CF4_registered,CF4_registered,CF4,False,65.33666658163699,4.030508652763321,4268.88,1.0,3.714251700548505e-08,-3.7038531779907443e-08,526.68,5.860105315223198e-09,-0.5638761844700153,124.32428789643721
73049,PGC 73049,27.619,0.04,27.75,0.08,-0.13100000000000023,0.08944271909999159,359.4573,-32.591,-53.0,CF4_registered,CF4_registered,CF4,False,60.74047250392443,1.131370849898476,3689.4049999999997,1.0,3.0694988093168344e-08,-4.348606069222415e-08,137.44,1.5292262370400935e-09,-0.7543980547778808,138.97280089023107
21373,NGC 2442,31.457,0.065,31.646,0.097,-0.18900000000000006,0.11676472069936193,114.09904189399002,-69.53083273787,,R22_HST,CCHP F115W (Freedman et al. 2024 arXiv:2408.06153v3 Table 2),JWST,True,160.301107,16.0301107,25696.44490542545,0.0452552109827608,2.5838069387071523e-09,2.0137528115123435e-07,5139.28898108509,2.5877971292167633e-09,0.31808191442145134,71.4530332110086
37466,NGC 3972,31.644,0.09,31.747,0.068,-0.10300000000000153,0.1128007092176286,178.93787699999996,55.320735,,R22_HST,CCHP F115W (Freedman et al. 2024 arXiv:2408.06153v3 Table 2),JWST,True,77.781746,7.7781746,6050.000010808516,0.0943774377791773,-4.002130479197233e-09,-1.722089898126427e-08,1210.0000021617032,1.2706096456358864e-09,0.4550133501177002,62.93420679791002
41823,NGC 4536,30.838,0.051,30.923,0.052,-0.0849999999999973,0.07283543093852057,188.6130369583333,2.1878799999999994,,R22_HST,CCHP F115W (Freedman et al. 2024 arXiv:2408.06153v3 Table 2),JWST,True,110.096526,11.0096526,12121.245037268676,0.7501032206681933,9.080902213475338e-08,5.033081220879724e-08,2424.2490074537354,2.0232840168426012e-08,0.9234657780729825,22.56186713770664
42741,NGC 4639,31.818,0.085,31.774,0.073,0.04400000000000048,0.11204463396343442,190.71824375014,13.257418376,,R22_HST,CCHP F115W (Freedman et al. 2024 arXiv:2408.06153v3 Table 2),JWST,True,117.309015,11.730901500000002,13761.405000270226,0.8688981307981486,1.2268727116976102e-07,6.8580052956503e-08,2752.2810000540453,2.6608489975427534e-08,0.8631408932111458,30.32890723488859
68535,NGC 7250,31.628,0.126,31.629,0.047,-0.0010000000000012221,0.1344804818551748,334.5740666666667,40.56240555555555,,R22_HST,CCHP F115W (Freedman et al. 2024 arXiv:2408.06153v3 Table 2),JWST,True,50.275292,5.0275292,2527.604985685264,0.9348880467671816,1.5937050188455403e-08,-5.6412829202728004e-08,505.5209971370528,5.258445779166413e-09,-0.8123135348004971,144.32258983408258
14814,NGC 1559,31.5,0.07,31.5,0.05,0.0,0.08602325267042628,64.3989619176,-62.78368099094,,R22_HST,Anand F090W (Anand et al. 2024 ApJ 976 177 Table 2 s=0.10),JWST,True,94.964441,9.4964441,9018.24505444248,0.9002537074957508,7.997763647347987e-08,1.5805281160537776e-08,1803.649010888496,1.8066563036171306e-08,0.0012038404597067148,89.93102500579158
22721,NGC 2525,32.06,0.11,31.87,0.06,0.19000000000000128,0.12529964086141668,121.40849930031004,-11.427045532359998,,R22_HST,Anand F090W (Anand et al. 2024 ApJ 976 177 Table 2 s=0.10),JWST,True,89.66114,8.966114000000001,8039.1200260996,0.8673780517816038,6.722942309794587e-08,4.911045983845725e-09,1607.8240052199203,1.551692036106451e-08,0.6933021941629157,46.10792203957871
32207,NGC 3370,32.13,0.06,32.19,0.06,-0.05999999999999517,0.08485281374238571,161.76697273869,17.27369871105,,R22_HST,Anand F090W (Anand et al. 2024 ApJ 976 177 Table 2 s=0.10),JWST,True,105.641753,10.5641753,11160.179976913008,0.9357840305883782,1.0584463240876651e-07,3.9637521276038155e-08,2232.035995382602,2.3239962223228637e-08,0.9064920314486882,24.975009677016686
32694,NGC 3447,31.95,0.05,31.93,0.06,0.019999999999999574,0.07810249675906655,163.34986296531,16.77242823926,,R22_HST,Anand F090W (Anand et al. 2024 ApJ 976 177 Table 2 s=0.10),JWST,True,32.880465,3.2880465,1081.124978616225,0.94049939283832,9.582179775802967e-10,-7.250708981218606e-08,216.224995723245,2.262679336991392e-09,0.9124945954918897,24.14760494731182
51344,NGC 5584,31.77,0.06,31.95,0.08,-0.17999999999999972,0.1,215.5992125,-0.3874499999999999,,R22_HST,Anand F090W (Anand et al. 2024 ApJ 976 177 Table 2 s=0.10),JWST,True,88.176216,8.8176216,7775.045068078655,0.9278918472664228,6.991585729309334e-08,1.972815815402112e-09,1555.0090136157312,1.6054207200094003e-08,0.6694246149671477,47.97732816846724
54097,NGC 5861,32.23,0.11,32.1,0.06,0.12999999999999545,0.12529964086141668,227.31704695833332,-11.321661111111112,,R22_HST,Anand F090W (Anand et al. 2024 ApJ 976 177 Table 2 s=0.10),JWST,True,112.076425,11.2076425,12561.125040780626,0.8434248728027163,1.0752303262787909e-07,5.52251373144416e-08,2512.225008156125,2.3575642267051152e-08,0.5195730359064094,58.69638405230683
