galaxy,pgc,jwst_trgb_mu,jwst_trgb_mu_err,trgb_source,trgb_program,trgb_filter,cep_mu,cep_mu_err,cep_source,cep_fit_variant,jwst_program,vrot_kms,vrot_error_kms,sigma_kms,U_i,S_total,X_i,X_i_unscreened,X_i_err,delta_mu,delta_mu_err,trgb_source_flag,cep_source_flag
M101,50063,29.151,0.042,CCHP F115W (Freedman et al. 2024 arXiv:2408.06153v3 Table 2),GO-1995,F115W,29.194,0.039,R22 (CCHP Table 3),10,GO-1995,274.1000003914081,9.69089845,193.817969,37565.40510728496,0.8089374852214116,3.2775763619200995e-07,3.3343527349020587e-07,2.9555048268778137e-08,0.04299999999999926,0.0573149195236284,JWST_F115W,R22_HST
NGC 1365,13179,31.366,0.069,CCHP F115W (Freedman et al. 2024 arXiv:2408.06153v3 Table 2),GO-1995,F115W,31.379,0.057,R22 (CCHP Table 3),10,GO-1995,198.30000041112268,2.999999514133294,140.219275,19661.445081525628,0.1292709906890823,1.7924541334293046e-08,1.3422685222777719e-07,6.619154125177004e-09,0.013000000000001677,0.08949860334105779,JWST_F115W,R22_HST
NGC 2442,21373,31.646,0.097,CCHP F115W (Freedman et al. 2024 arXiv:2408.06153v3 Table 2),GO-1995,F115W,31.457,0.065,R22 (CCHP Table 3),10,GO-1995,226.6999995828207,10.40000067268469,160.301107,25696.444905425455,0.0452552109827608,2.5838069387071548e-09,2.013752811512344e-07,2.6232729490055647e-08,-0.18900000000000006,0.11676472069936193,JWST_F115W,R22_HST
NGC 3972,37466,31.747,0.068,CCHP F115W (Freedman et al. 2024 arXiv:2408.06153v3 Table 2),GO-1995,F115W,31.644,0.09,R22 (CCHP Table 3),10,GO-1995,110.00000009825924,3.9999998235822463,77.781746,6050.000010808516,0.0943774377791773,-4.002130479197233e-09,-1.722089898126427e-08,4.895660035088702e-09,-0.10300000000000153,0.1128007092176286,JWST_F115W,R22_HST
NGC 4038,37967,31.645,0.078,CCHP F115W (Freedman et al. 2024 arXiv:2408.06153v3 Table 2),GO-1995,F115W,31.615,0.117,R22 (CCHP Table 3),10,GO-1995,169.1000004261801,7.800000150960127,119.571757,14297.405072067053,0.9317852262889048,1.3787329480355315e-07,7.454385805579782e-08,1.4675632030352941e-08,-0.030000000000001137,0.1406164997430956,JWST_F115W,R22_HST
NGC 4424,40809,30.926,0.03,CCHP F115W (Freedman et al. 2024 arXiv:2408.06153v3 Table 2),GO-1995,F115W,30.856,0.13,R22 (CCHP Table 3),10,GO-1995,28.600000082115947,1.0999993504443537,20.223254,408.9800023485161,0.0270303739152203,-1.0232176552297398e-08,-7.998571126739031e-08,3.500395019392532e-10,-0.06999999999999673,0.13341664064126335,JWST_F115W,R22_HST
NGC 4536,41823,30.923,0.052,CCHP F115W (Freedman et al. 2024 arXiv:2408.06153v3 Table 2),GO-1995,F115W,30.838,0.051,R22 (CCHP Table 3),10,GO-1995,155.70000023936208,2.800000017928929,110.096526,12121.245037268676,0.7501032206681933,9.080902213475338e-08,5.033081220879724e-08,4.850709222888498e-09,-0.0849999999999973,0.07283543093852057,JWST_F115W,R22_HST
NGC 4639,42741,31.774,0.073,CCHP F115W (Freedman et al. 2024 arXiv:2408.06153v3 Table 2),GO-1995,F115W,31.818,0.085,R22 (CCHP Table 3),10,GO-1995,165.90000000162885,3.0999999693422584,117.309015,13761.405000270226,0.8688981307981486,1.2268727116976102e-07,6.8580052956503e-08,5.722247916743628e-09,0.04400000000000048,0.11204463396343442,JWST_F115W,R22_HST
NGC 5643,51969,30.643,0.071,CCHP F115W (Freedman et al. 2024 arXiv:2408.06153v3 Table 2),GO-1995,F115W,30.57,0.05,R22 (CCHP Table 3),10,GO-1995,171.20000008607337,4.299999774995576,121.056681,14654.720014735762,0.7570263589915945,1.1308232237483205e-07,7.851952296568916e-08,8.19088422816118e-09,-0.0730000000000004,0.08683893136145793,JWST_F115W,R22_HST
NGC 7250,68535,31.629,0.047,CCHP F115W (Freedman et al. 2024 arXiv:2408.06153v3 Table 2),GO-1995,F115W,31.628,0.126,R22 (CCHP Table 3),10,GO-1995,71.09999979866757,3.699999872168917,50.275292,2527.604985685264,0.9348880467671816,1.5937050188455403e-08,-5.6412829202728004e-08,2.9270483930453637e-09,-0.0010000000000012221,0.1344804818551748,JWST_F115W,R22_HST
NGC 1448,13727,31.34,0.05,Anand F090W (Anand et al. 2024 ApJ 976 177 Table 2 s=0.10),GO-1685,F090W,31.3,0.05,R22 (Anand Table 2),10,GO-1685,185.0999997205091,2.0000006188979045,130.885465,17131.004948266233,0.7767538942827101,1.3770043333643154e-07,1.0607190866666326e-07,4.119031775920657e-09,-0.03999999999999915,0.07071067811865477,JWST_F090W,R22_HST
NGC 1559,14814,31.5,0.05,Anand F090W (Anand et al. 2024 ApJ 976 177 Table 2 s=0.10),GO-1685,F090W,31.5,0.07,R22 (Anand Table 2),10,GO-1685,134.3000004053796,1.7000006674845751,94.964441,9018.24505444248,0.9002537074957508,7.997763647347987e-08,1.5805281160537776e-08,2.5402923480586704e-09,0.0,0.08602325267042628,JWST_F090W,R22_HST
NGC 2525,22721,31.87,0.06,Anand F090W (Anand et al. 2024 ApJ 976 177 Table 2 s=0.10),GO-2875,F090W,32.06,0.11,R22 (Anand Table 2),10,GO-2875,126.80000020583282,3.0999999693422584,89.66114,8039.120026099601,0.8673780517816038,6.722942309794589e-08,4.911045983845735e-09,4.373604804182004e-09,0.19000000000000128,0.12529964086141668,JWST_F090W,R22_HST
NGC 3370,32207,32.19,0.06,Anand F090W (Anand et al. 2024 ApJ 976 177 Table 2 s=0.10),GO-2875,F090W,32.13,0.06,R22 (Anand Table 2),10,GO-2875,149.3999998454686,2.999999514133294,105.641753,11160.17997691301,0.9357840305883782,1.0584463240876653e-07,3.9637521276038174e-08,4.9868967384183105e-09,-0.05999999999999517,0.08485281374238571,JWST_F090W,R22_HST
NGC 3447,32694,31.93,0.06,Anand F090W (Anand et al. 2024 ApJ 976 177 Table 2 s=0.10),GO-2875,F090W,31.95,0.05,R22 (Anand Table 2),10,GO-2875,46.49999954013387,1.9000001636889403,32.880465,1081.124978616225,0.94049939283832,9.582179775802967e-10,-7.250708981218606e-08,9.830263994913964e-10,0.019999999999999574,0.07810249675906655,JWST_F090W,R22_HST
NGC 5584,51344,31.95,0.08,Anand F090W (Anand et al. 2024 ApJ 976 177 Table 2 s=0.10),GO-1685,F090W,31.77,0.06,R22 (Anand Table 2),10,GO-1685,124.7000005459395,2.9000004731378923,88.176216,7775.045068078656,0.9278918472664228,6.991585729309336e-08,1.9728158154021217e-09,4.0236770717892705e-09,-0.17999999999999972,0.1,JWST_F090W,R22_HST
NGC 5861,54097,32.1,0.06,Anand F090W (Anand et al. 2024 ApJ 976 177 Table 2 s=0.10),GO-1685,F090W,32.23,0.11,R22 (Anand Table 2),10,GO-1685,158.50000025729102,2.20000011510227,112.076425,12561.125040780627,0.8434248728027163,1.075230326278791e-07,5.522513731444162e-08,3.879810954745663e-09,0.12999999999999545,0.12529964086141668,JWST_F090W,R22_HST
NGC 4258,39600,29.397,0.032,Maser (Reid et al. 2019 JWST TRGB calibrated),NIRCam anchor,,29.385,0.022,R22 (TEP-H0 pipeline),multi-anchor,GO-1685,212.900000403594,5.199999629235564,150.543034,22663.20508592516,0.09568098445277634,1.3771945394697309e-08,1.676259365993237e-07,1.2317925385630813e-08,-0.011999999999996902,0.0388329756778952,MASER,R22_HST
