pgc,pgc1,t17,vcmb,dm,e_dm,dm_snIa,e_dm_snIa,dm_tf,e_dm_tf,dm_fp,e_dm_fp,dm_sbf,e_dm_sbf,dm_snII,e_dm_snII,dm_trgb,e_dm_trgb,dm_ceph,e_dm_ceph,dm_mas,e_dm_mas,ra,dec,has_ceph,has_trgb,has_both,galaxy_name,vrot_kms,vrot_error_kms,r22_matched,delta_mu,delta_mu_err,U_i,S_total,X_i,tracer_type,cepheid_band
143,143,0,-437,24.902,0.032,,,,,,,,,,,24.91,0.07,24.9,0.036,,,0.4926,-15.4609,True,True,True,WLM,26.2,2.62,False,-0.010000000000001563,0.07871467461661771,343.21999999999997,1.0,-6.536341184989435e-09,HI_21cm,optical
1014,1014,0,-117,26.484,0.022,,,26.065,0.41,,,,,,,26.57,0.03,26.394,0.031,,,3.7233,-39.1966,True,True,True,NGC 0055,58.7,5.87,False,-0.17600000000000193,0.04313930922024598,1722.845,1.0,8.814057150840301e-09,HI_21cm,optical
2557,2557,0,-585,24.366,0.045,,,,,,,24.214,0.08,,,24.53,0.1,24.397,0.066,,,10.6848,41.2689,True,True,True,M 31,256.7,6.1,False,-0.13300000000000267,0.11981652640600128,32947.445,0.4714380741611139,1.6246919423431913e-07,HI_21cm,optical
2758,2789,0,-137,27.756,0.018,,,27.595,0.68,,,,,,,27.8,0.02,27.607,0.037,,,11.7857,-20.7604,True,True,True,NGC 0247,84.5,2.0,False,-0.1930000000000014,0.04205948168962618,3570.125,1.0,2.936781910630759e-08,HI_21cm,optical
3238,3238,0,-89,26.443,0.045,,,26.705,0.4,,,,,,,26.55,0.06,26.289,0.07,,,13.723,-37.6845,True,True,True,NGC 0300,89.4,2.1,False,-0.26099999999999923,0.09219544457292887,3996.1800000000003,1.0,3.410832030262684e-08,HI_21cm,optical
3844,3844,0,-557,24.277,0.028,,,,,,,,,,,24.34,0.06,24.26,0.031,,,16.1991,2.1177,True,True,True,IC 1613,26.8,1.1,False,-0.0799999999999983,0.06753517601961218,359.11999999999995,1.0,-6.359429826076911e-09,HI_21cm,optical
5818,2557,0,-456,24.654,0.04,,,,,,,,,,,24.8,0.08,24.606,0.046,,,23.4621,30.6599,True,True,True,NGC 0598 (M33),100.1,1.7,False,-0.19399999999999906,0.09228217596047461,5010.004999999999,1.0,4.538864473341243e-08,HI_21cm,optical
9332,9332,0,326,29.795,0.033,,,28.965,0.39,,,,,,,29.85,0.06,29.779,0.04,,,36.8203,33.579,True,True,True,NGC 0925,105.6,2.1,False,-0.0710000000000015,0.07211102550927978,5575.679999999999,0.9406490568972323,4.8000625605563856e-08,HI_21cm,optical
13179,13418,0,1568,31.363,0.046,31.103,0.23,30.645,0.4,,,,,,,31.4,0.09,31.378,0.056,,,53.4016,-36.1405,True,True,True,NGC 1365,198.3,3.0,True,-0.021999999999998465,0.106,19661.444999999996,0.1292709906890823,1.792454121703198e-08,nuclear_optical,NIR
13727,13727,0,1097,31.284,0.033,31.203,0.11,31.105,0.4,,,,,,,31.33,0.09,31.287,0.037,,,56.1327,-44.6446,True,True,True,NGC 1448,185.1,2.0,True,-0.04299999999999926,0.09730878685915265,17131.004999999997,0.7767538942827101,1.377004337835433e-07,nuclear_optical,NIR
21396,21396,0,179,27.479,0.045,,,27.945,0.76,,,,,,,27.47,0.05,27.509,0.1,,,114.2142,65.6024,True,True,True,NGC 2403,120.2,2.6,False,0.03900000000000148,0.1118033988749895,7224.0199999999995,0.9406490568972323,6.525237005309176e-08,HI_21cm,optical
32007,32256,0,1127,29.945,0.028,,,30.365,0.39,,,,,,,29.94,0.03,29.969,0.09,,,160.9904,11.7035,True,True,True,NGC 3351 (M95),150.7,3.7,False,0.028999999999999915,0.09486832980505137,11355.244999999997,0.4714380741611139,4.920825926859768e-08,nuclear_optical,optical
32192,32256,0,1217,30.096,0.044,30.013,0.1,30.165,0.39,,,30.144,0.22,,,30.19,0.09,30.079,0.06,,,161.6904,11.8198,True,True,True,NGC 3368 (M96),202.2,4.6,False,-0.11100000000000065,0.10816653826391967,20442.42,0.4714380741611139,9.687463586279048e-08,nuclear_optical,optical
34695,34695,0,1076,30.067,0.061,,,29.685,0.4,,,,,30.502,0.49,30.21,0.1,29.979,0.08,,,170.0625,12.991,True,True,True,NGC 3627 (M66),174.7,3.6,False,-0.23100000000000165,0.12806248474865697,15260.044999999995,0.6967304549770724,1.0794331177546934e-07,nuclear_optical,optical
37967,37969,0,2036,31.614,0.075,31.573,0.14,,,,,,,,,31.67,0.14,31.603,0.116,,,180.4709,-18.868,True,True,True,NGC 4038,169.1,7.8,True,-0.06700000000000017,0.1818130908378162,14297.404999999997,0.9317852262889048,1.3787329405639732e-07,nuclear_optical,NIR
39600,39600,0,652,29.388,0.025,,,29.345,0.4,,,29.234,0.14,,,29.4,0.08,29.363,0.057,29.4,0.03,184.7398,47.3038,True,True,True,NGC 4258,212.9,5.2,False,-0.036999999999999034,0.09822932352408827,22663.205,0.09568098445277634,1.3771945303221855e-08,HI_21cm,optical
40809,41220,1,767,30.946,0.066,30.743,0.28,,,,,31.014,0.18,,,31.0,0.09,30.844,0.128,,,186.799,9.4202,True,True,True,NGC 4424,28.6,1.1,True,-0.1559999999999988,0.1564736399525492,408.97999999999996,0.0270303739152203,-1.0232176553003722e-08,nuclear_optical,NIR
45314,43495,0,545,28.167,0.033,,,,,,,,,,,28.14,0.04,28.229,0.06,,,196.4565,37.605,True,True,True,IC 4182,39.4,1.5,False,0.08899999999999864,0.07211102550927978,776.18,1.0,-1.7190115022996886e-09,HI_21cm,optical
50063,50063,0,240,29.151,0.036,28.973,0.23,,,,,,,,,29.07,0.08,29.178,0.041,,,210.8025,54.3491,True,True,True,M 101,274.1,10.2,True,0.10800000000000054,0.08989438247187641,37565.405,0.8089374852214116,3.2775763522637624e-07,HI_21cm,NIR
51969,51969,0,1166,30.516,0.046,30.343,0.23,,,,,,,,,30.42,0.11,30.546,0.052,,,218.1696,-44.1745,True,True,True,NGC 5643,171.2,4.3,True,0.12599999999999767,0.12167168939404104,14654.719999999998,0.7570263589915945,1.1308232225071192e-07,nuclear_optical,NIR
63616,63616,0,-256,23.315,0.019,,,,,,,,,,,23.53,0.07,23.297,0.02,,,296.2374,-14.8003,True,True,True,NGC 6822,92.4,5.7,False,-0.23300000000000054,0.07280109889280519,4268.88,1.0,3.714251700548505e-08,HI_21cm,optical
73049,73049,0,-53,27.648,0.036,,,27.905,0.4,,,,,28.192,1.02,27.75,0.08,27.619,0.04,,,359.4573,-32.591,True,True,True,NGC 7793,85.9,1.6,False,-0.13100000000000023,0.08944271909999159,3689.4049999999997,1.0,3.0694988093168344e-08,HI_21cm,optical
