PGC,RAdeg,DEdeg,d_trgb_mpc,Vcmb,v3k_group,vpec_group,DMtrgb,e_DMtrgb,DMceph,h_app,delta_mu,delta_mu_err,n_nb_4,n_nb_8,n_nb_12,log_density
218,0.8121,16.1456,13.995873225726205,693,607,-250,30.73,0.1,,49.51459539703299,0.8429481275432451,0.789716427512264,8,42,152,1.6334684555795864
388,1.383,-28.0983,8.51138038202376,440,431,-173,29.65,0.11,,51.69549241733933,0.7493509181713414,1.2386850211056903,9,86,386,1.9395192526186185
4013,16.9435,1.0636,8.790225168308844,317,304,-291,29.72,0.14,,36.062784960602755,1.5313179895135214,1.7182307123167733,9,113,376,2.0569048513364727
5896,23.7713,-41.4368,3.9264493539959933,201,202,47,27.97,0.04,,51.191288076959395,0.7706340134998335,2.701132518549661,65,291,477,2.4653828514484184
5974,24.174,15.7833,9.54992586021435,359,359,-208,29.9,0.15,,37.591914875027335,1.4411420577106817,1.5195888569963631,17,87,338,1.9444826721501687
6430,26.266,-43.5985,4.4668359215096345,212,215,-112,28.25,0.06,,47.460888137648766,0.9349349959585211,2.561401432850811,41,286,469,2.4578818967339924
9140,36.1773,-73.5131,1.9498445997580456,290,290,142,26.45,0.09,,148.7298013574958,-1.545375688892502,1.874121233883831,118,324,526,2.5118833609788744
9332,36.8203,33.579,9.332543007969923,326,309,-132,29.85,0.06,29.779,34.931529350745926,1.6005263002625867,1.6663201528030818,23,76,362,1.8864907251724818
9962,39.4491,-61.3403,4.965923214503367,445,445,-61,28.48,0.02,,89.61072911887616,-0.44518575430237917,1.2200922529969762,39,246,465,2.392696953259666
11139,44.209,-54.5706,5.727960309858292,491,492,15,28.79,0.02,,85.71986770839673,-0.348793160012562,1.1058185593428036,31,231,451,2.3654879848909
11211,44.5172,-49.3823,5.888436553555896,525,532,84,28.85,0.07,,89.15779175424149,-0.43418221642750154,1.0364011324395943,29,228,459,2.359835482339888
11842,47.5433,-40.0024,9.120108393559077,589,714,6,29.8,0.08,,64.58256575283374,0.26603782666677134,0.9251430082736932,19,115,454,2.0644579892269186
12209,49.3275,-41.108,8.87156012037958,726,714,6,29.74,0.1,,81.83453531834232,-0.24806880289819233,0.7544092810095305,20,114,462,2.060697840353612
12286,49.565,-66.4976,4.2072662838444455,428,453,135,28.12,0.03,,101.7287642675446,-0.7206045444635798,1.2687381494800483,47,286,489,2.4578818967339924
12460,50.0292,-52.1858,5.420008904016239,499,529,213,28.67,0.02,,92.06626941705574,-0.5038884275146671,1.0880958516794488,34,246,462,2.392696953259666
12651,50.6739,-37.2082,18.620871366628695,1648,1408,-46,31.35,0.1,,88.50284004181755,-0.418171736203206,0.34425443636109954,68,137,228,2.1398790864012365
12719,51.0311,17.7535,6.516283940608428,208,192,-276,29.07,0.1,,31.920033242225315,1.7962976257884726,2.6118578481124226,19,221,472,2.346352974450639
13163,53.3026,-50.4143,6.053408747539123,576,577,-54,28.91,0.04,,95.15299957799147,-0.5754981165137814,0.9433277874821239,21,224,455,2.3521825181113627
13179,53.4016,-36.1405,19.054607179632445,1568,1408,-46,31.4,0.09,31.378,82.28980976716446,-0.26011599113981987,0.35772355702342995,70,136,222,2.1367205671564067
13294,53.9868,-45.1913,7.112135136533309,689,670,124,29.26,0.08,,96.87667441255081,-0.6144818089358459,0.7919582381082183,24,194,448,2.290034611362518
13433,54.7162,-35.5942,17.947336268325248,1781,1408,-46,31.27,0.1,,99.2347818847768,-0.6667052967139391,0.32079533495423135,71,141,228,2.1522883443830563
13727,56.1327,-44.6446,18.450154191794738,1097,1104,-171,31.33,0.09,31.287,59.457497677058136,0.44558116272872184,0.502983546967197,53,125,207,2.100370545117563
16282,73.5564,-53.361,5.597576014951093,636,644,211,28.74,0.04,,113.6206097605906,-0.9606712776397934,0.8545029289469462,24,244,480,2.3891660843645326
16389,74.2445,-42.8007,6.7920363261718295,663,670,150,29.16,0.08,,97.61431891128949,-0.6309533414215842,0.8227044334702659,31,199,466,2.3010299956639813
16643,75.8333,-25.4236,9.727472237769641,830,839,98,29.94,0.29,,85.3253527444974,-0.3387761612780871,0.7154661473974685,19,87,442,1.9444826721501687
17302,81.774,-20.6778,6.546361740672747,569,580,84,29.08,0.03,,86.91850871374636,-0.3789470313730767,0.954545538637708,19,220,506,2.3443922736851106
17716,86.2575,5.0653,6.6680676921362325,405,417,-78,29.12,0.18,,60.73723583784602,0.39933918452893735,1.3524468763896642,9,233,520,2.369215857410143
18396,91.4373,-33.0816,8.83079900418564,869,883,202,29.73,0.08,,98.40559156516977,-0.6484845816410534,0.6298059676351614,17,93,453,1.9731278535996986
18431,91.8324,-34.2043,9.418895965228437,859,856,181,29.87,0.09,,91.19964836337023,-0.4833515185539312,0.6383531323772754,18,89,424,1.954242509439325
18731,93.9763,-57.7256,5.942921586155738,661,662,212,28.87,0.1,,111.22475543675768,-0.9143929968259208,0.8273486954995743,21,219,478,2.342422680822206
19041,96.573,-26.2658,6.1659500186148355,603,617,149,28.95,0.04,,97.79514887074326,-0.6349722600984791,0.9011669522696318,18,262,528,2.419955748489758
19337,99.4878,-26.0002,6.194410750767812,627,646,174,28.96,0.03,,101.22028151302072,-0.7097234035513011,0.8663379287065016,19,266,527,2.4265112613645754
19382,99.8871,-40.7214,9.16220490122001,941,957,247,29.81,0.14,,102.70453565982785,-0.7413338165340058,0.5936497190162949,16,86,425,1.9395192526186185
19871,103.9167,39.0952,9.954054173515255,496,494,-228,29.99,0.23,,49.82894319780847,0.8292059181512919,1.1183975360604699,9,112,440,2.0530784434834195
20125,106.3238,-58.5189,5.176068319505681,680,694,295,28.57,0.11,,131.3738455571507,-1.2759302629289024,0.8058780814891182,20,255,511,2.4082399653118496
20171,106.7376,-22.0396,7.014552984199728,902,912,360,29.23,0.1,,128.58980494291708,-1.2294183871074296,0.6101005040056017,13,213,523,2.330413773349191
20264,107.3255,44.38,11.015393095414145,516,526,-286,30.21,0.43,,46.8435393571944,0.9633657924662238,1.1365523362544794,11,63,426,1.806179973983887
20298,107.5566,44.4573,11.587773561551261,532,526,-286,30.32,0.49,,45.91045874120282,1.0070561391270374,1.1319782957875641,11,53,414,1.7323937598229686
20445,108.4653,10.5211,7.516228940182045,478,486,-74,29.38,0.05,,63.595721179352836,0.29947481754168237,1.1368074300200022,8,218,535,2.3404441148401185
21073,112.0735,40.7701,10.232929922807537,466,480,-262,30.05,0.07,,45.53925449654079,1.0246847171522795,1.1670542035841522,14,126,451,2.103803720955957
21199,112.8269,-68.1875,4.528975799036213,637,650,301,28.28,0.03,,140.64990149330376,-1.4240828610744707,0.8527540857100396,62,287,510,2.459392487759231
21302,113.5474,66.884,3.1332857243155887,258,174,-95,27.48,0.05,,82.34167666159956,-0.2614842292138704,2.104733914817277,156,373,567,2.5728716022004803
21585,115.358,40.1116,10.1391138573668,499,506,-232,30.03,0.13,,49.21534633299738,0.8561115724853323,1.0956516702136792,14,135,466,2.1335389083702174
21600,115.4808,16.8025,7.979946872679785,464,478,-109,29.51,0.02,,58.14575051728156,0.4940243978278751,1.1701452900064664,15,201,544,2.305351369446624
21772,116.736,51.296,9.036494737223023,552,559,-105,29.78,0.11,,61.08563287556712,0.38691891195628614,0.9895893567299964,17,213,543,2.330413773349191
22277,119.259,14.391,7.691304402866098,563,567,-9,29.43,0.03,,73.19954724327422,-0.005927673654451127,0.9647083199646647,15,245,550,2.3909351071033793
23324,124.7682,70.7217,3.3884415613920202,207,184,-67,27.65,0.02,,61.090030991994276,0.3867625733176894,2.6226274797320346,156,369,561,2.568201724066995
23344,124.8426,-85.1432,2.642408757321945,796,806,590,27.11,0.09,,301.24029743480645,-3.0779510380860664,0.6879079307480702,119,313,529,2.496929648073215
23769,127.1185,41.8566,9.638290236239705,569,573,-136,29.92,0.04,,59.035366860044924,0.4610529686269267,0.9549121348758493,21,229,552,2.361727836017593
24171,129.0633,-26.4093,8.053784411990677,1120,1150,504,29.53,0.07,,139.06505845034985,-1.3994758127486264,0.489732213325824,12,158,508,2.2013971243204513
24781,132.2749,-26.3215,8.394599865193998,1081,1049,392,29.62,0.08,,128.77326106775885,-1.232514169164272,0.5085228195341036,11,150,498,2.1789769472931693
24930,133.1716,33.4211,9.594006315159318,638,663,-6,29.91,0.38,,66.4998519952929,0.20251090699646923,0.9318876248286216,25,237,589,2.376576957056512
26259,139.4703,-22.3546,11.85768748167162,1202,1108,308,30.37,0.17,,101.36883788326574,-0.7129080377313208,0.4825725869604063,12,59,328,1.7781512503836436
26761,141.5493,-76.6264,4.187935651179182,574,569,250,28.11,0.03,,137.06036763921645,-1.3679451613875884,0.9462389311194146,75,290,511,2.4638929889859074
27077,143.0421,21.5014,8.953647655495956,848,842,143,29.76,0.09,,94.71000341179139,-0.5653649606812898,0.646470093092586,35,261,697,2.4183012913197452
27115,143.2034,21.4657,8.279421637123361,792,842,143,29.59,0.09,,95.65885574045676,-0.5870116073451861,0.6913228912546708,34,288,696,2.4608978427565478
27605,145.1346,71.1833,3.9264493539959933,211,88,-176,27.97,0.03,,53.738118329544434,0.6652020241138139,2.5730095068505507,154,366,558,2.5646660642520893
27935,146.2674,32.2379,9.954054173515255,800,800,50,29.99,0.3,,80.36926322227173,-0.20883563435743824,0.7419418952365882,27,264,711,2.423245873936808
28378,147.8208,7.8283,11.271974561755139,879,882,36,30.26,0.13,,77.98101345813653,-0.14333007476657755,0.6311311522287331,26,111,721,2.0492180226701815
28655,148.968,69.6798,3.531831697919563,282,88,-176,27.74,0.02,,79.84525428154264,-0.19463124099452855,1.92516808266965,161,369,559,2.568201724066995
28731,149.2626,68.592,3.580964371026355,304,88,-176,27.77,0.02,,84.8933327736152,-0.32775361744149123,1.7858623310002752,162,373,559,2.5728716022004803
28868,149.8601,30.7464,0.7244359600749907,295,302,248,24.3,0.31,,407.2133580578507,-3.7324957792885343,1.8661590504606416,177,352,556,2.5477747053878224
29033,150.4092,-8.2485,9.727472237769641,787,800,69,29.94,0.26,,80.90488266255355,-0.22325936119304046,0.7371676578404835,12,131,694,2.12057393120585
29194,151.0165,-27.332,1.3365955165464405,680,715,615,25.63,0.1,,508.7552603475856,-4.215930262928904,0.804574099896698,144,346,564,2.5403294747908736
29230,151.1704,29.3644,7.516228940182045,779,783,17,29.38,0.06,,103.64239916049343,-0.7610729877605458,0.6994563589279211,42,345,724,2.5390760987927767
29284,151.3785,70.3644,8.669618757582162,426,424,-200,29.69,0.03,,49.137108783178554,0.8595663050886877,1.2746913440327423,14,251,572,2.401400540781544
29488,152.1166,12.3064,0.25703957827688645,609,-15,-24,22.05,0.08,,2369.284933015168,-7.556472162562098,0.8949916579874795,169,345,552,2.5390760987927767
29653,152.7533,-4.6928,1.4125375446227553,669,682,576,25.75,0.08,,473.61572975298793,-4.060516288236837,0.8153959998583886,180,359,569,2.5563025007672873
29735,153.1995,64.1078,3.6475394692560803,302,88,-176,27.81,0.06,,82.795539992222,-0.27342041418347307,1.7985775674016224,160,382,564,2.583198773968623
31693,159.855,1.7185,10.18591388054117,1059,1073,285,30.04,0.22,,103.96710716581634,-0.767865499935148,0.557837498291163,29,212,760,2.3283796034387376
31961,160.8636,-37.0439,6.760829753919818,974,989,460,29.15,0.1,,144.0651570075834,-1.4761804837907988,0.5662592642119328,26,242,569,2.385606273598312
31968,160.8796,24.9221,9.594006315159318,888,892,159,29.91,0.27,,92.55778773012554,-0.5154505282907245,0.6683068852979606,43,320,784,2.506505032404872
32007,160.9904,11.7035,9.727472237769641,1127,1110,271,29.94,0.03,29.969,115.85743679885368,-1.0030052796282511,0.48262638175090644,42,282,784,2.45178643552429
32192,161.6904,11.8198,10.91440336448755,1217,1110,271,30.19,0.09,30.079,111.50403364784754,-0.9198385905480428,0.45505946175598017,36,290,788,2.4638929889859074
32249,161.9265,13.9856,10.18591388054117,1009,1110,271,30.04,0.02,,99.05836745071642,-0.6628415305822735,0.5383974705627388,41,301,788,2.4800069429571505
32250,161.9232,-38.8537,6.760829753919818,1015,1031,497,29.15,0.04,,150.12950139907304,-1.5657159106438812,0.5363390946334081,33,239,557,2.380211241711606
32256,161.9566,12.5816,11.066237839776655,1258,1110,271,30.22,0.02,,113.67910379426561,-0.9617889049439725,0.43199588851240656,34,303,785,2.482873583608754
32292,162.0705,12.6294,9.204495717531723,1051,1110,271,29.82,0.02,,114.18333304215346,-0.9713992795389288,0.5169123691815313,42,329,778,2.5185139398778875
32405,162.4047,65.5305,8.317637711026709,453,451,-154,29.6,0.1,,54.462578888168814,0.6361232905381229,1.202549378235041,45,276,597,2.4424797690644486
32643,163.1293,36.6191,8.912509381337458,881,886,-82,29.75,0.19,,98.84982582400295,-0.6582652414579613,0.6448230051753935,65,320,769,2.506505032404872
32667,163.23,69.5461,3.8194427084004565,206,88,-176,27.91,0.15,,53.93456996931123,0.6572781987565115,2.6395475909850714,162,378,561,2.578639209968072
34176,168.3671,22.1527,0.242102904673618,404,-15,-24,21.92,1.22,,1668.7119080402506,-6.795292524950742,1.814943023415967,170,344,552,2.537819095073274
34695,170.0625,12.991,11.015393095414145,1076,1155,267,30.21,0.1,29.979,97.68148904717282,-0.6324470560495712,0.5143391173472397,41,385,802,2.586587304671755
35684,173.3701,49.2381,4.130475019901611,456,454,137,28.08,0.12,,110.3989245311698,-0.8982099127198993,1.196532818008532,142,392,596,2.5943925503754266
35856,173.9497,54.5251,5.176068319505681,402,405,16,28.57,0.02,,77.66512634408028,-0.13451596482007133,1.3505662592748304,144,379,610,2.57978359661681
35878,174.0249,45.2856,3.1477483141013107,454,455,211,27.49,0.12,,144.23008280749983,-1.47866496368324,1.2017509861735718,163,395,585,2.597695185925512
36014,174.4716,-39.2206,5.8613816451402965,954,966,504,28.84,0.04,,162.76025991089773,-1.7411275729181988,0.5704482664551954,63,280,575,2.44870631990508
36758,176.7465,61.3351,4.5081670454145915,220,217,-115,28.27,0.14,,48.800321235604926,0.8745008964912486,2.4715505914397986,139,384,584,2.5854607295085006
37050,177.7202,38.8807,2.5941793621188123,496,505,302,27.07,0.08,,191.19726540222297,-2.0907940818487063,1.0974119776392683,165,394,584,2.59659709562646
37369,178.6798,-33.5588,5.32108259266793,957,970,548,28.63,0.07,,179.85061936807318,-1.9579453882819386,0.5715629819708721,63,328,592,2.5171958979499744
37727,179.742,-19.0299,10.280162981264747,1459,1470,618,30.06,0.08,,141.92381994905904,-1.4436621588649814,0.3805854064214463,12,202,722,2.307496037913213
37967,180.4709,-18.868,21.57744409152669,2036,2031,267,31.67,0.14,31.603,94.35779285830813,-0.557274567721322,0.3011544865824443,10,74,362,1.8750612633917
38148,181.0078,52.5884,4.2854852039743925,394,392,67,28.16,0.02,,91.93824765387157,-0.5008668085255898,1.3779829706161617,141,388,597,2.5899496013257077
38252,181.2361,-35.7431,5.345643593969714,938,949,527,28.64,0.1,,175.46998476631217,-1.9043998912930427,0.5873264048562058,63,316,586,2.5010592622177517
38685,182.4847,36.4347,4.742419852602438,598,521,119,28.38,0.13,,126.09596336601092,-1.1868916193397752,0.9170671081807173,137,396,664,2.598790506763115
38688,182.4939,46.4573,6.729766562843182,478,692,108,29.14,0.04,,71.02772370131888,0.05947481754168393,1.13641151567057,138,384,720,2.5854607295085006
38742,182.6403,30.4016,15.275660582380732,510,1079,-106,30.92,0.35,,33.38644487743101,1.6987634201125985,1.1205123686953469,40,371,666,2.5705429398818973
38881,183.0384,36.1694,2.9241523778433307,424,504,281,27.33,0.03,,144.99928362581278,-1.4902149823613868,1.2807007164254054,165,400,591,2.603144372620182
39023,183.4353,36.6332,2.7669416454115128,408,504,281,27.21,0.06,,147.45522395696216,-1.5266865148471211,1.3319112022292772,166,399,589,2.6020599913279625
39032,183.4571,-38.231,3.250872973854347,907,916,658,27.56,0.1,,279.0019810969819,-2.911422134698199,0.6068278162431213,104,336,570,2.5276299008713385
39145,183.7421,36.2184,2.910717118066608,542,504,281,27.32,0.08,,186.20840776173188,-2.033382132089656,1.004791468486132,165,400,591,2.603144372620182
39225,183.9132,36.3274,2.818382931264455,549,504,281,27.25,0.07,,194.79255068923285,-2.1312474216481796,0.991305364888942,167,399,590,2.6020599913279625
39228,183.9443,52.3873,4.5081670454145915,336,347,24,28.27,0.09,,74.53139970528753,-0.045082086346941,1.6181836208436862,143,389,606,2.591064607026499
39422,184.373,37.8072,4.2072662838444455,496,521,119,28.12,0.07,,117.89127821659375,-1.0407940818487056,1.0967283385898852,136,398,625,2.6009728956867484
39423,184.3757,45.6191,7.447319739059889,729,692,108,29.36,0.1,,97.8875656669503,-0.637023340987593,0.7513593757720357,100,345,744,2.5390760987927767
39461,184.4579,47.4091,6.950243175887976,690,692,108,29.21,0.14,,99.27710189965322,-0.6676311530839953,0.7991243587640814,116,368,722,2.56702636615906
39600,184.7398,47.3038,7.585775750291836,652,692,108,29.4,0.08,29.363,85.95033935387777,-0.3546236780573224,0.8364542503385474,96,335,740,2.526339277389844
39615,184.7886,47.0904,7.112135136533309,481,339,-185,29.26,0.02,,67.63088591064867,0.1658889187331205,1.1288011065091639,103,356,729,2.552668216112193
39918,185.3134,45.812,7.112135136533309,675,692,108,29.26,0.02,,94.90820787876893,-0.5699045635528428,0.8044976813168685,99,366,736,2.5646660642520893
39950,185.3867,14.6061,14.52111617587745,1462,1479,217,30.81,0.2,,100.68096572553297,-0.6981225625069278,0.4217554501800003,170,384,668,2.5854607295085006
40045,185.5317,15.7992,9.07820530178186,1620,1624,813,29.79,0.26,,178.44936814570917,-1.940960772110877,0.42413975832384543,58,460,797,2.663700925389648
40209,185.8333,15.8205,14.52111617587745,799,1479,217,30.81,0.24,,55.02331847790755,0.6138804040323222,0.7205769441494193,173,391,668,2.593286067020457
40563,186.4212,2.1593,11.587773561551261,1846,1849,815,30.32,0.08,,159.30583991778272,-1.6945441828471886,0.3047653302566383,57,360,746,2.5575072019056577
40596,186.4537,33.5468,4.6558609352296,583,585,225,28.34,0.01,,125.21851664180984,-1.1717284731927897,0.9312168206008427,134,397,666,2.5998830720736876
40665,186.5709,48.4942,5.571857489319304,480,477,56,28.73,0.05,,86.14721408796119,-0.3595918862756555,1.1320799146154497,145,380,657,2.5809249756756194
40750,186.7194,53.1054,5.970352865838353,546,546,91,28.88,0.09,,91.45188103104373,-0.4893489129214075,0.998328978900675,145,377,649,2.5774917998372255
40791,186.7707,37.1433,4.85288500162121,467,521,119,28.43,0.07,,96.23141694970901,-0.5999701022282835,1.164564158381681,136,394,670,2.59659709562646
40809,186.799,9.4202,15.848931924611142,767,1479,217,31.0,0.09,30.844,48.3944283216308,0.892637480857374,0.713480261170072,191,353,615,2.5490032620257876
40973,187.046,44.093,4.1686938347033555,424,536,156,28.1,0.01,,101.71051576642635,-0.7202149823613837,1.2803883493114685,142,389,607,2.591064607026499
41020,187.1171,37.2348,4.61317574560379,537,521,119,28.32,0.07,,116.4057104288177,-1.0132571278954998,1.0133481837844187,133,396,649,2.598790506763115
41048,187.1613,35.7176,4.634469197362875,564,566,208,28.33,0.14,,121.69678467621053,-1.109781219314435,0.9726602884010861,133,396,658,2.598790506763115
41066,187.1837,22.8215,6.456542290346549,947,917,284,29.05,0.09,,146.67293381101211,-1.5151355944140867,0.5802723404688784,95,404,767,2.6074550232146687
41093,187.218,42.1779,8.317637711026709,640,729,120,29.6,0.15,,76.94492381551443,-0.11428556931715406,0.8613922015290678,84,317,770,2.5024271199844326
41314,187.5987,42.9015,8.016780633876774,660,729,120,29.52,0.07,,82.32731194003442,-0.2611053771070644,0.8255006781103896,94,318,766,2.503790683057181
41326,187.6303,41.7009,8.709635899560814,712,729,120,29.7,0.58,,81.74853785057797,-0.24578566758200182,0.9579863944556843,73,324,772,2.5118833609788744
41333,187.6516,41.6437,6.918309709189376,817,729,120,29.2,0.23,,118.09242926994209,-1.0444959820597965,0.7031458293137445,102,394,750,2.59659709562646
41395,187.7652,1.6758,9.204495717531723,1444,1450,669,29.82,0.14,,156.8798600503041,-1.6612216655658223,0.40116888853920096,38,408,766,2.611723308007342
41522,188.001,39.8324,8.87156012037958,919,916,194,29.74,0.07,,103.58944622252973,-0.7599632563282768,0.5948491566174189,77,330,770,2.519827993775719
41618,188.1895,0.1146,8.165823713585938,1471,1738,677,29.56,0.12,,180.14104291188835,-1.9614490630353707,0.3880665804182079,31,378,777,2.578639209968072
41636,188.2266,31.541,4.7643098680541565,602,601,140,28.39,0.05,,126.35618099413617,-1.1913681556868418,0.9031593489437287,135,396,680,2.598790506763115
41749,188.4698,39.6259,9.727472237769641,860,916,194,29.94,0.09,,88.40940163887682,-0.4158779556155565,0.637625624247007,71,333,779,2.5237464668115646
41772,188.5127,7.6992,15.703628043335547,896,1479,217,30.98,0.08,,57.056878673349175,0.5350742522916541,0.6111383343413984,191,346,609,2.5403294747908736
42002,188.9904,27.9597,8.629785477669703,1097,1090,483,29.68,0.08,,127.11787597021733,-1.2044188372712767,0.5012907824004971,71,387,786,2.5888317255942073
42038,189.0865,25.9872,11.803206356517299,1515,1562,263,30.36,0.02,,128.35495324230033,-1.2254488635893388,0.35888649305527515,53,425,768,2.629409599102719
42115,189.3081,29.6308,8.241381150130014,1061,1034,371,29.58,0.17,,128.74055703433422,-1.2319626189044257,0.5391594477764606,79,375,783,2.575187844927661
42120,189.3086,-10.4979,9.594006315159318,1094,1539,468,29.91,0.07,,114.02952677562763,-0.9684723093847794,0.5011361023484057,22,293,751,2.4683473304121573
42134,189.3408,38.7438,5.997910762555101,693,697,229,28.89,0.08,,115.54023182978852,-0.9970518724567548,0.7874338295264771,134,391,729,2.593286067020457
42275,189.6668,32.7669,3.7670379898390776,571,571,277,27.88,0.18,,151.57797758880375,-1.5865662406269614,0.9676217081039991,147,393,612,2.595496221825574
42336,189.8281,-0.532,8.669618757582162,1411,1407,472,29.69,0.09,,162.7522546785562,-1.7410207681694594,0.39512636849957206,35,369,764,2.568201724066995
42380,189.9123,44.8202,8.87156012037958,766,764,89,29.74,0.1,,86.34332514304437,-0.36452954756074263,0.7157254438369299,70,315,761,2.499687082618404
42407,189.9977,-11.623,9.120108393559077,1439,1539,468,29.8,0.08,,157.78321242500468,-1.6736896690807477,0.38564279960388037,24,271,748,2.4345689040341987
42408,189.9975,61.609,5.420008904016239,268,259,-13,28.67,0.02,,49.44641323400989,0.8459403304583368,2.025725980125673,141,360,601,2.5575072019056577
42447,190.0958,3.1177,9.07820530178186,1190,1256,37,29.79,0.07,,131.08317783542833,-1.2711205063603757,0.4615309863255543,37,407,769,2.61066016308988
42575,190.3866,41.1489,7.481695005111553,774,760,251,29.37,0.06,,103.45249298069449,-0.7570905028121828,0.7039416683679646,101,364,756,2.5622928644564746
42607,190.4697,41.2738,10.71519305237605,836,833,27,30.15,0.1,,78.02005954662856,-0.14441708659280295,0.657018486252444,65,318,778,2.503790683057181
42620,190.4992,32.5736,6.760829753919818,804,895,179,29.15,0.27,,118.92031440872387,-1.0596659431399793,0.7271913813934417,103,397,762,2.5998830720736876
42656,190.563,38.5026,4.4668359215096345,593,536,156,28.25,0.08,,132.75616351710244,-1.298659166219032,0.9189494039191309,134,394,632,2.59659709562646
42832,190.9394,53.9599,9.462371613657911,612,606,-91,29.88,0.12,,64.67723156387603,0.2628571898744738,0.8951194707657342,56,294,718,2.469822015978163
42936,191.1773,-35.9666,5.32108259266793,911,925,504,28.63,0.05,,171.20576201077813,-1.8509775842627114,0.5979974911898905,65,307,581,2.4885507165004443
43072,191.5638,10.2055,9.418895965228437,1456,1466,660,29.87,0.22,,154.58287312813394,-1.6291925742828113,0.43291610675120595,45,438,782,2.6424645202421213
43129,191.7492,36.4764,2.9376496519615367,576,575,341,27.34,0.08,,196.0751172677761,-2.1454981165137816,0.9458685504000643,167,392,589,2.5943925503754266
43255,192.0956,51.1659,6.367955209079149,646,657,163,29.02,0.1,,101.44543715994763,-0.7145482893731412,0.8462820641516632,138,369,681,2.568201724066995
43495,192.7208,41.12,4.30526610491711,530,536,156,28.17,0.04,,123.10505020692656,-1.1347650474016646,1.0250601777620814,137,388,614,2.5899496013257077
43851,193.4868,-12.1059,8.953647655495956,1150,1159,444,29.76,0.14,,128.43927349476428,-1.2268749011657754,0.4923818707844934,22,261,747,2.4183012913197452
43869,193.5225,27.1497,3.944573020752793,649,649,338,27.98,0.04,,164.52984811931384,-1.7646091833995676,0.8374244262949379,135,393,626,2.595496221825574
43978,193.7232,-28.3408,5.834451042737448,948,958,495,28.83,0.11,,162.4831527517987,-1.7374273860880542,0.5831149733038902,62,310,618,2.4927603890268375
44055,193.9185,19.2092,4.720630412635919,714,703,181,28.37,0.07,,151.2509850567426,-1.581876758278593,0.7635350012690224,90,389,693,2.591064607026499
44182,194.1825,21.682,4.30526610491711,700,703,181,28.17,0.03,,162.59157574499736,-1.7388758994690008,0.7761058950740334,120,395,666,2.597695185925512
44491,194.6678,14.2173,2.1379620895022327,521,525,360,26.65,0.11,,243.6900086106302,-2.617574315895343,1.0477635278190442,194,380,579,2.5809249756756194
44536,194.7576,34.8608,9.727472237769641,1081,1086,309,29.94,0.04,,111.1285618274719,-0.9125141691642717,0.5037811608098446,62,360,782,2.5575072019056577
44681,194.9857,-19.4114,7.112135136533309,1144,1150,570,29.26,0.09,,160.8518367604617,-1.7155158216827466,0.4829943249926333,42,272,703,2.436162647040756
44982,195.5598,-17.2378,5.623413251903491,1075,1075,-12,28.75,0.07,,191.16503657918418,-2.0904280206558425,0.5098220468807588,71,350,665,2.545307116465824
45104,195.8883,-46.5869,3.076096814740705,991,841,516,27.44,0.07,,322.1615117089658,-3.2237539718240953,0.5522526262483458,124,317,556,2.5024271199844326
45314,196.4565,37.605,4.246195639463131,545,536,156,28.14,0.04,28.229,128.35018597233247,-1.2253682107809318,0.996891079402389,133,390,619,2.5921767573958667
45506,197.0148,46.828,4.4668359215096345,410,401,78,28.25,0.06,,91.78756668130185,-0.4973049829963969,1.3254272914578844,140,384,606,2.5854607295085006
45717,197.6371,-46.992,3.664375746478333,642,841,516,27.82,0.01,,175.2003736562762,-1.9010608397419873,0.8456480728335735,83,306,551,2.4871383754771865
45849,198.049,44.0381,5.915616341754743,605,699,19,28.86,0.06,,102.27167636441743,-0.7321625726600658,0.8993064233694631,135,382,691,2.583198773968623
45916,198.2865,-44.89,3.664375746478333,1032,841,516,27.82,0.02,,281.6305071857898,-2.931784185853683,0.52641504847542,84,311,553,2.494154594018443
45917,198.2985,-43.2649,3.6475394692560803,900,841,516,27.81,0.02,,246.74167547350928,-2.644598246594345,0.6035182615918697,84,314,558,2.4983105537896004
46039,198.6174,45.9197,4.149540426343632,383,401,78,28.09,0.08,,92.29937791869652,-0.5093795692408349,1.4196660324957704,142,383,599,2.584331224367531
46127,198.874,47.4996,4.30526610491711,449,401,78,28.17,0.05,,104.29088215643401,-0.7746174044143359,1.2100937807061127,142,378,601,2.578639209968072
46153,198.9555,42.0292,8.83079900418564,704,699,19,29.73,0.02,,79.7209855717831,-0.19124899510828186,0.7713787831882405,67,299,748,2.4771212547196626
46400,199.7295,-21.0392,5.035006087879058,973,977,570,28.51,0.09,,193.24703545887186,-2.1139499007394775,0.5651446028364266,68,344,612,2.537819095073274
46663,200.4461,-45.0624,3.8725764492161647,984,841,516,27.94,0.06,,254.09440275844474,-2.7083611915544274,0.5549483060481012,82,304,552,2.484299839346786
46674,200.4901,-36.6301,3.580964371026355,744,744,445,27.77,0.22,,207.76526178805827,-2.2712503771271138,0.7621061601950012,90,324,560,2.5118833609788744
46885,201.1501,-30.9719,4.6558609352296,770,796,419,28.34,0.06,,165.38294650805074,-1.7758393252601294,0.7075720098089054,72,326,574,2.514547752660286
46957,201.3672,-43.0181,3.5974933515574232,802,841,516,27.78,0.04,,222.93300407429496,-2.4242575408185374,0.6780737366214897,82,313,555,2.496929648073215
47073,201.6852,-30.3625,5.0582466200311265,700,796,419,28.52,0.04,,138.38787480783063,-1.388875899469003,0.7765567335157597,65,317,584,2.5024271199844326
47171,201.9099,-41.4783,3.6982817978026667,764,841,516,27.84,0.05,,206.5824190179154,-2.2588524922761692,0.7123173461685828,83,314,558,2.4983105537896004
47368,202.4019,58.4193,4.487453899331332,321,322,-79,28.26,0.24,,71.53276829157657,0.044089138577920295,1.7081225519114684,142,369,580,2.568201724066995
47404,202.4695,47.1951,8.356030182312475,636,642,48,29.61,0.08,,76.11269779114073,-0.09067127763979244,0.8573069786132094,68,286,733,2.4578818967339924
47762,203.4336,-48.1512,3.1332857243155887,808,841,516,27.48,0.01,,257.8762586921413,-2.74044250327065,0.6719408787695333,119,310,553,2.4927603890268375
47788,203.512,47.9154,8.749837752274365,526,642,48,29.71,0.08,,60.11540040994196,0.4216855798335857,1.0351645612167433,58,282,724,2.45178643552429
47853,203.677,51.6137,4.405548635065534,384,379,46,28.22,0.02,,87.16281031233875,-0.3850418212353759,1.4138604803624784,142,373,587,2.5728716022004803
48029,204.1284,-29.2354,5.296634438916592,847,796,419,28.62,0.03,,159.91286726845564,-1.7028027510512551,0.6416321833663087,63,307,581,2.4885507165004443
48082,204.2537,-29.8656,4.7863009232263805,781,796,419,28.4,0.04,,163.1740278197006,-1.746640868784226,0.6962435738645653,66,321,578,2.507855871695831
48139,204.4128,-42.8469,3.250872973854347,600,841,516,27.56,0.01,,184.5658088844423,-2.0141419513159384,0.9048354309864657,101,318,553,2.503790683057181
48280,204.8315,24.7752,4.187935651179182,524,525,202,28.11,0.03,,125.12131122465055,-1.170042134316354,1.0364420976023343,120,379,633,2.57978359661681
48332,204.9742,40.7391,3.0338911841942657,398,407,172,27.41,0.04,,131.1846654466284,-1.2728010597661594,1.3645765954113265,165,373,580,2.5728716022004803
48368,205.0761,-28.8942,4.246195639463131,850,796,419,28.14,0.04,,200.17918913116074,-2.1904803279691833,0.6399197360792463,76,328,566,2.5171958979499744
48467,205.4031,-29.9127,4.677351412871981,747,796,419,28.35,0.07,,159.70576808581677,-1.699988708474713,0.7300945381637325,68,318,573,2.503790683057181
48515,205.5236,-45.2052,3.5974933515574232,838,841,516,27.78,0.08,,232.9399718382284,-2.5196057925491004,0.6527349636714793,82,305,550,2.48572142648158
49050,207.3228,-36.0634,3.1188895840939352,579,590,352,27.47,0.02,,185.64299388886656,-2.0267785180349023,0.9378093189661703,126,327,562,2.515873843711679
49448,208.6908,53.9033,7.079457843841373,268,385,-68,29.25,0.02,,37.85600619588985,1.4259403304583351,2.025725980125673,87,304,646,2.484299839346786
49452,208.7021,35.8377,3.1768740706497756,427,421,175,27.51,0.06,,134.40885301212597,-1.3255250745228402,1.2727688957950603,165,369,583,2.568201724066995
49615,209.2559,-35.3329,4.385306977749861,751,813,466,28.21,0.03,,171.25368960723125,-1.8515853844185628,0.723482581818199,70,310,556,2.4927603890268375
50063,210.8025,54.3491,6.516283940608428,240,385,-68,29.07,0.08,29.178,36.83080758718306,1.4855580920442506,2.2633646927313538,121,332,626,2.5224442335063197
50216,211.2564,53.6622,6.823386941416704,383,385,-68,29.17,0.12,,56.13048230861135,0.5706204307591669,1.4224808061349306,95,311,634,2.494154594018443
50911,213.7887,57.0875,8.669618757582162,432,406,-154,29.69,0.03,,49.82918073787121,0.8291955665277193,1.2569971729029776,51,232,618,2.367355921026019
50961,213.9853,23.0556,2.249054605835783,373,377,204,26.76,0.04,,165.8474627659774,-1.7819298584411563,1.4559600314957688,195,363,574,2.561101383649056
51210,214.9507,56.7294,6.823386941416704,405,406,-154,29.17,0.1,,59.35468755871435,0.44933918452893806,1.3441400795512943,88,290,610,2.4638929889859074
51472,216.1813,44.5261,2.7669416454115128,299,293,82,27.21,0.04,,108.06154892924432,-0.851741641019867,1.8160529517686905,162,355,575,2.5514499979728753
51659,217.0149,-46.3052,3.531831697919563,586,591,320,27.74,0.23,,165.91957095384393,-1.782873779488174,0.954520662665575,85,301,540,2.4800069429571505
51969,218.1696,-44.1745,12.133888504649786,1166,1356,411,30.42,0.11,30.546,96.09450421051595,-0.5968784515126941,0.47839961511531914,5,49,211,1.6989700043360187
52125,218.7626,-49.4217,3.076096814740705,800,806,558,27.44,0.09,,260.0698379083478,-2.7588356343574354,0.6845274106325183,121,307,537,2.4885507165004443
52142,218.8524,57.2557,5.675446054085465,312,306,-109,28.77,0.02,,54.97365264804289,0.6158413305100652,1.7400768078509197,129,329,588,2.5185139398778875
52591,220.8561,-44.7051,3.8194427084004565,814,821,513,27.91,0.09,,213.12009686902593,-2.3265077238437257,0.6729594770190442,80,294,535,2.469822015978163
53639,225.2858,-48.2918,6.1659500186148355,749,754,276,28.95,0.02,,121.47357629218358,-1.1057947878950536,0.7250664131599188,59,208,486,2.3201462861110542
53641,225.2891,44.6982,10.519618738232234,727,688,-85,30.11,0.12,,69.10896849881163,0.11894224630708905,0.7563043220863679,8,168,620,2.2278867046136734
54470,228.9735,56.3289,16.904409316432634,729,823,-240,31.14,0.05,,43.12484313139207,1.1429766590124082,0.74635173447949,5,35,236,1.5563025007672873
55809,235.4496,67.2538,11.015393095414145,450,436,-330,30.21,0.1,,40.851923858018374,1.2605517317255632,1.2105111186186972,5,129,437,2.113943352306837
57888,245.2464,-60.4876,5.727960309858292,681,682,238,28.79,0.08,,118.8904886138863,-1.059121258961646,0.8011673241157146,58,193,457,2.287801729930226
60849,266.7892,-64.6391,2.4888573182823905,320,319,130,26.98,0.02,,128.5730594716608,-1.2291355909972488,1.696580708195274,120,303,517,2.482873583608754
61922,277.1581,-66.9822,7.21107479182899,730,733,175,29.29,0.06,,101.23317550764794,-0.7100000000000009,0.7460714858521191,9,169,377,2.230448921378274
62572,283.9215,-64.8114,8.749837752274365,766,861,63,29.71,0.06,,87.54448044489646,-0.3945295475607402,0.7112404030674653,10,106,286,2.0293837776852097
62836,287.4412,-63.8577,9.16220490122001,802,861,63,29.81,0.1,,87.53351498319016,-0.3942575408185398,0.6842397184436383,8,91,257,1.9637878273455553
62869,287.8461,-64.219,9.50604793656281,734,861,63,29.89,0.18,,77.2140015386246,-0.12186599897807326,0.76119090295396,9,76,245,1.8864907251724818
64054,300.989,-31.6816,6.698846094165245,248,245,-229,29.13,0.11,,37.02130135755921,1.4743558964711987,2.191746380096137,1,160,365,2.2068258760318495
64181,302.3821,-61.8506,8.994975815300329,732,732,100,29.77,0.14,,81.3787624370127,-0.23594110468967955,0.7547216762703978,10,93,273,1.9731278535996986
65603,313.0212,-69.2014,5.370317963702521,524,519,15,28.65,0.06,,97.57336596113436,-0.6300421343163549,1.0377438131264995,23,195,426,2.292256071356476
67045,324.1205,-54.5576,9.289663867799383,688,672,178,29.84,0.06,,74.06080669773247,-0.03132789057527674,0.7913304033955111,10,63,274,1.806179973983887
68672,335.6269,-48.404,7.83429642766212,502,501,-75,29.47,0.05,,64.07722820232944,0.2830957148771809,1.0825658431264487,11,110,370,2.0453229787866576
71464,351.7344,-37.3469,8.241381150130014,428,426,-163,29.58,0.08,,51.93304279990108,0.7393954555364175,1.270903809084723,10,87,375,1.9444826721501687
71775,353.6145,-36.1016,8.790225168308844,438,432,-192,29.72,0.1,,49.82807511906627,0.8292437480817796,1.2434524764201986,9,70,359,1.8512583487190752
83329,161.5591,12.9604,10.046157902783968,1233,1110,271,30.01,0.16,,122.73348795944308,-1.1282010823763784,0.4684533302301239,40,294,783,2.469822015978163
83339,161.7369,12.9992,9.418895965228437,1170,1110,271,29.87,0.13,,124.21838019225048,-1.1543150081285276,0.48185740977794733,43,317,781,2.5024271199844326
86635,187.0206,22.2908,6.1659500186148355,905,917,284,28.95,0.09,,146.77381381098283,-1.516628595423736,0.6065683220940778,93,401,757,2.60422605308447
86643,195.674,21.9979,4.720630412635919,552,703,181,28.37,0.07,,116.93353466571696,-1.023081088043714,0.9859447727704063,112,390,689,2.5921767573958667
86668,135.725,20.0747,8.629785477669703,752,760,106,29.68,0.07,,87.14005718286548,-0.38447490235593307,0.7252849582100626,22,247,616,2.3944516808262164
86669,139.8764,21.6036,9.07820530178186,773,783,96,29.79,0.12,,85.14898862755135,-0.3342831689893444,0.7124657796242553,31,249,660,2.3979400086720375
86806,41.6621,27.7264,7.516228940182045,261,258,-260,29.38,0.11,,34.72486030922822,1.6134117639108752,2.0828611018258223,29,181,445,2.2600713879850747
166095,133.2114,33.7977,8.953647655495956,682,663,-6,29.76,0.05,,76.17007349863411,-0.09230757268011303,0.7975631020639187,26,255,601,2.4082399653118496
166130,184.8945,58.044,5.345643593969714,468,468,62,28.64,0.11,,87.54792416911951,-0.39461496476834057,1.1651785360994915,146,378,607,2.578639209968072
166135,185.7197,33.8291,7.798301105232594,837,839,232,29.46,0.09,,107.33106976830891,-0.8370129893640197,0.6548024974316312,103,377,779,2.5774917998372255
166137,186.3678,28.4824,5.8613816451402965,765,1079,584,28.84,0.08,,130.51530275873876,-1.26169287516581,0.7141266518231301,104,397,750,2.5998830720736876
166142,190.9891,43.6616,4.226686142656025,510,536,156,28.13,0.11,,120.66190457177382,-1.0912365798874042,1.0701158668103452,141,389,606,2.591064607026499
166152,196.2597,-40.0823,5.807644175213124,883,894,438,28.82,0.13,,152.04099517126434,-1.5931892172855626,0.6283936867564611,64,248,563,2.3961993470957363
166159,198.4156,42.0436,8.090958991783813,576,699,19,29.54,0.08,,71.1905721664039,0.05450188348621765,0.9458685504000643,87,306,749,2.4871383754771865
166163,200.2845,-31.5291,5.4954087385762485,852,796,419,28.7,0.1,,155.0385131535705,-1.6355836732312206,0.6449686082577971,64,299,583,2.4771212547196626
166170,204.1478,-29.5713,4.897788193684466,671,796,419,28.45,0.08,,137.0006160873253,-1.366998300242681,0.8129890388039787,66,320,578,2.506505032404872
166179,207.1935,-46.9966,3.7325015779572066,735,841,516,27.86,0.05,,196.9188718741988,-2.1548223948186944,0.740286523171139,81,301,548,2.4800069429571505
166185,211.7935,35.0611,2.1577444091526687,258,255,91,26.67,0.22,,119.56930529196218,-1.071484229213869,2.1156098062218516,186,365,572,2.5634810853944106
385975,94.0353,-57.7642,5.807644175213124,634,662,212,28.82,0.11,,109.16646765411278,-0.8738319888063835,0.8632955433611085,22,224,482,2.3521825181113627
490287,164.375,-48.1839,5.345643593969714,862,877,460,28.64,0.03,,161.25280049953207,-1.720922028521283,0.6304915142620733,67,282,547,2.45178643552429
592761,204.3561,-39.8887,4.965923214503367,740,749,365,28.48,0.11,,149.01559448981655,-1.5495442980526022,0.7418066418068743,67,293,556,2.4683473304121573
626659,353.7672,-37.2205,7.413102413009177,351,406,-233,29.35,0.15,,47.348597178967026,0.9400787182731598,1.5538896119734598,14,128,406,2.110589710299249
677373,204.2511,-33.3625,4.446312674691074,857,796,419,28.24,0.15,,192.743979720127,-2.108289809013712,0.6509693153671605,71,314,563,2.4983105537896004
683190,173.2957,-32.9624,5.470159628939711,1024,1041,603,28.69,0.06,,187.19746213301704,-2.0448854825967793,0.5335291276224019,62,326,590,2.514547752660286
1599237,138.4124,19.6188,8.128305161640979,460,460,-147,29.55,0.09,,56.59236345736964,0.5528251421944113,1.1835748462740894,27,276,642,2.4424797690644486
1726175,203.1262,25.1236,5.176068319505681,614,614,214,28.57,0.09,,118.62285466483902,-1.0542275551035587,0.8887188696948146,91,380,694,2.5809249756756194
1824266,157.9824,28.026,10.280162981264747,741,753,-15,30.06,0.07,,72.08056928187304,0.02752326070563882,0.7359521072844365,46,301,773,2.4800069429571505
2543081,179.4759,56.638,8.550667128846822,579,577,-57,29.66,0.16,,67.71401474005062,0.163221481965099,0.951149998023336,63,288,684,2.4608978427565478
2576103,205.78,58.2276,5.470159628939711,502,502,84,28.69,0.09,,91.77063085036578,-0.4969042851228167,1.0851492084981118,140,354,600,2.550228353055094
2806961,137.2236,14.5829,9.375620069258792,602,630,-69,29.86,0.11,,64.2090864980616,0.278631844313157,0.9084584798351877,24,198,624,2.298853076409707
2807061,105.1176,-4.2071,6.516283940608428,447,469,-19,29.07,0.09,,68.59737913112845,0.13507668494259661,1.2178002496987066,14,284,540,2.45484486000851
2807065,116.5249,-28.4263,5.675446054085465,701,717,283,28.77,0.09,,123.51452085345534,-1.1419757892310152,0.7796317301300558,14,306,543,2.4871383754771865
2807150,208.6396,4.2444,2.546830252585045,559,562,364,27.03,0.26,,219.48851888837598,-2.390444738829835,1.0053436360271648,174,359,573,2.5563025007672873
2832120,190.8526,32.4823,7.413102413009177,996,895,179,29.35,0.09,,134.35670310612866,-1.3246823915162125,0.5524288592156361,98,400,776,2.603144372620182
3097113,207.8286,-46.9735,5.597576014951093,748,841,516,28.74,0.12,,133.6292705989336,-1.3128936887200275,0.735613244044521,65,230,536,2.3636119798921444
3097708,189.3995,-8.8671,9.54992586021435,1443,1451,649,29.9,0.1,,151.10064948374497,-1.579717354865192,0.38927167577645894,23,318,757,2.503790683057181
3994669,191.8908,-77.5826,3.3884415613920202,520,528,314,27.65,0.17,,153.46287978665228,-1.6134024175717165,1.0577278605574465,102,294,526,2.469822015978163
4074723,190.1247,47.3678,7.447319739059889,466,466,-85,29.36,0.13,,62.572847189024465,0.3346847171522782,1.1721840785915154,96,339,739,2.531478917042255
4078612,79.3399,-32.7596,9.120108393559077,818,845,145,29.8,0.09,,89.69191644451273,-0.4471522177543328,0.6697277212775821,25,93,452,1.9731278535996986
4078671,149.1567,-9.4863,9.16220490122001,958,978,274,29.81,0.11,,104.55998423179074,-0.780213244790442,0.5772458831296226,9,180,676,2.2576785748691846
4087020,132.8005,27.88,8.279421637123361,639,643,22,29.59,0.04,,77.17930406332307,-0.12088999018972046,0.8504999895622182,22,259,601,2.4149733479708178
4231240,154.3603,29.3697,10.423174293933059,557,557,-213,30.09,0.26,,53.438615175437384,0.6773383247336362,1.0087124518795316,44,276,761,2.4424797690644486
4320422,184.5461,46.9169,8.090958991783813,611,692,108,29.54,0.09,,75.51638818345968,-0.07359175061049328,0.893037822224533,90,308,750,2.4899584794248346
4343356,192.4035,21.9182,6.33869711256929,695,695,208,29.01,0.1,,109.64398324410438,-0.8833097223482902,0.7874803536252057,94,399,760,2.6020599913279625
4614882,207.1396,-37.9681,5.520774392807573,828,835,402,28.71,0.07,,149.9789596689031,-1.5635373833221209,0.6593640353327973,62,271,557,2.4345689040341987
4689184,268.2016,70.1373,6.309573444801931,736,736,220,29.0,0.11,,116.64813896513799,-1.0177747710852145,0.7457497843856373,48,258,521,2.413299764081252
4689210,161.7216,12.7444,9.594006315159318,978,1110,271,29.91,0.23,,101.93864459466529,-0.7250799733357276,0.6008441147102674,44,295,784,2.4712917110589387
5056993,190.9819,41.4568,4.698941086052152,627,536,156,28.36,0.11,,133.43431818311612,-1.3097234035513026,0.8727779824877983,133,389,642,2.591064607026499
5057032,198.8337,47.5436,4.226686142656025,425,401,78,28.13,0.13,,100.55158714314484,-0.6953303496492786,1.28393499621084,142,380,595,2.5809249756756194
5057800,162.4697,12.5369,10.0,1118,1110,271,30.0,0.11,,111.8,-0.9255947171497425,0.4978744386138739,40,305,784,2.48572142648158
5060050,114.0429,9.9864,7.550922276654341,550,561,-4,29.39,0.11,,72.83878443570654,0.004800853131058602,0.993143480151497,11,233,546,2.369215857410143
5060076,117.5904,7.7944,9.375620069258792,565,577,-120,29.86,0.04,,60.262680849509636,0.4163720615050863,0.9616607541128677,9,74,513,1.8750612633917
5067080,344.8977,16.7678,7.798301105232594,453,453,-102,29.46,0.19,,58.08957539431773,0.4961232905381223,1.213352795807338,6,139,369,2.146128035678238
5072710,3.6918,10.8131,5.223961889991208,251,-120,-511,28.59,0.1,,48.04782371802916,0.9082456931970881,2.1651316862528973,36,229,457,2.361727836017593
5072711,19.7988,11.1216,8.629785477669703,594,299,-283,29.68,0.11,,68.83137495561449,0.1276820756963133,0.9205154014984988,17,124,382,2.0969100130080562
5072714,44.7343,13.63,7.655966069112569,481,322,-216,29.42,0.24,,62.826819719141525,0.32588891873312065,1.1538595833359937,21,176,435,2.247973266361807
5098252,147.2337,-25.99,1.3931568029453034,202,715,615,25.72,0.1,,144.99444683681503,-1.4901425466308424,2.6893256985692835,144,348,562,2.5428254269591797
5808772,162.4809,23.0683,10.32761405761398,698,698,-71,30.07,0.2,,67.58579436703515,0.1673371874864742,0.8030516470886158,43,312,790,2.4955443375464483
5808780,187.6416,23.2056,6.729766562843182,774,917,284,29.14,0.09,,115.01141871301425,-0.9870905028121832,0.70713073223038,93,406,778,2.60959440922522
5809449,188.0428,20.4233,10.61695557198722,1488,1488,587,30.13,0.2,,140.15317196259915,-1.4164003554470206,0.4160546236394835,56,430,799,2.6344772701607315
6726347,178.0233,54.7923,5.807644175213124,557,557,112,28.82,0.08,,95.90807962672054,-0.5926616752663634,0.9779063403909477,142,387,629,2.5888317255942073
